-- ============================================================
-- Auteur: Anis Boubaker 
-- Date de création: 2019-03-14
-- Description:
--  Jeu de données utile pour effectuer les tests du 
--  laboratoire 3. La liste des films est réelle. Cepndent, 
--  l'association des films à des catégories est aléatoire. Les
--  clients, les location et les factures ont également été 
--  générées aléatoirement.
-- ============================================================


-- Catégories et sous-catégories
Insert into CATEGORIE (ID_CATEGORIE,NOM,TARIF,ID_PARENT) values (1,'Americana',6,null);
Insert into CATEGORIE (ID_CATEGORIE,NOM,TARIF,ID_PARENT) values (2,'Art vidéo',6,null);
Insert into CATEGORIE (ID_CATEGORIE,NOM,TARIF,ID_PARENT) values (3,'Buddy movie',5,null);
Insert into CATEGORIE (ID_CATEGORIE,NOM,TARIF,ID_PARENT) values (4,'Chanbara',6,null);
Insert into CATEGORIE (ID_CATEGORIE,NOM,TARIF,ID_PARENT) values (5,'Chronique',5,null);
Insert into CATEGORIE (ID_CATEGORIE,NOM,TARIF,ID_PARENT) values (6,'Cinéma amateur',2,null);
Insert into CATEGORIE (ID_CATEGORIE,NOM,TARIF,ID_PARENT) values (7,'Cinéma d''auteur',7,null);
Insert into CATEGORIE (ID_CATEGORIE,NOM,TARIF,ID_PARENT) values (8,'Cinéma de montagne',5,null);
Insert into CATEGORIE (ID_CATEGORIE,NOM,TARIF,ID_PARENT) values (9,'Cinéma expérimental',4,null);
Insert into CATEGORIE (ID_CATEGORIE,NOM,TARIF,ID_PARENT) values (10,'Comédie',6,null);
Insert into CATEGORIE (ID_CATEGORIE,NOM,TARIF,ID_PARENT) values (11,'Documentaire',6,null);
Insert into CATEGORIE (ID_CATEGORIE,NOM,TARIF,ID_PARENT) values (12,'Cinéma surréaliste',7,null);
Insert into CATEGORIE (ID_CATEGORIE,NOM,TARIF,ID_PARENT) values (13,'Drame',8,null);
Insert into CATEGORIE (ID_CATEGORIE,NOM,TARIF,ID_PARENT) values (14,'Film à sketches',5,null);
Insert into CATEGORIE (ID_CATEGORIE,NOM,TARIF,ID_PARENT) values (15,'Film à suspense',7,null);
Insert into CATEGORIE (ID_CATEGORIE,NOM,TARIF,ID_PARENT) values (16,'Film d''aventure',4,null);
Insert into CATEGORIE (ID_CATEGORIE,NOM,TARIF,ID_PARENT) values (17,'Cinéma abstrait',3,9);
Insert into CATEGORIE (ID_CATEGORIE,NOM,TARIF,ID_PARENT) values (18,'Cinéma structurel',3,9);
Insert into CATEGORIE (ID_CATEGORIE,NOM,TARIF,ID_PARENT) values (19,'Cinéma underground',8,9);
Insert into CATEGORIE (ID_CATEGORIE,NOM,TARIF,ID_PARENT) values (20,'Found footage',4,9);
Insert into CATEGORIE (ID_CATEGORIE,NOM,TARIF,ID_PARENT) values (21,'Burlesque',5,10);
Insert into CATEGORIE (ID_CATEGORIE,NOM,TARIF,ID_PARENT) values (22,'Comédie de mœurs',3,10);
Insert into CATEGORIE (ID_CATEGORIE,NOM,TARIF,ID_PARENT) values (23,'Comédie dramatique',6,10);
Insert into CATEGORIE (ID_CATEGORIE,NOM,TARIF,ID_PARENT) values (24,'Comédie policière',5,10);
Insert into CATEGORIE (ID_CATEGORIE,NOM,TARIF,ID_PARENT) values (25,'Comédie romantique',4,10);
Insert into CATEGORIE (ID_CATEGORIE,NOM,TARIF,ID_PARENT) values (26,'Parodie',3,10);
Insert into CATEGORIE (ID_CATEGORIE,NOM,TARIF,ID_PARENT) values (27,'Screwball comedy',6,10);
Insert into CATEGORIE (ID_CATEGORIE,NOM,TARIF,ID_PARENT) values (28,'Cinéma ethnographique',3,11);
Insert into CATEGORIE (ID_CATEGORIE,NOM,TARIF,ID_PARENT) values (29,'Cinéma vérité',7,11);
Insert into CATEGORIE (ID_CATEGORIE,NOM,TARIF,ID_PARENT) values (30,'Cinéma direct',5,11);
Insert into CATEGORIE (ID_CATEGORIE,NOM,TARIF,ID_PARENT) values (31,'Documentaire Fiction',3,11);
Insert into CATEGORIE (ID_CATEGORIE,NOM,TARIF,ID_PARENT) values (32,'Docufiction',4,31);
Insert into CATEGORIE (ID_CATEGORIE,NOM,TARIF,ID_PARENT) values (33,'Ethnofiction',5,31);
Insert into CATEGORIE (ID_CATEGORIE,NOM,TARIF,ID_PARENT) values (34,'Cinéma d''observation',5,31);
Insert into CATEGORIE (ID_CATEGORIE,NOM,TARIF,ID_PARENT) values (35,'Neo-Surrealisme',6,12);
Insert into CATEGORIE (ID_CATEGORIE,NOM,TARIF,ID_PARENT) values (36,'Mélodrame',4,13);
Insert into CATEGORIE (ID_CATEGORIE,NOM,TARIF,ID_PARENT) values (37,'Docudrama',3,13);
Insert into CATEGORIE (ID_CATEGORIE,NOM,TARIF,ID_PARENT) values (38,'Road movie',5,16);
Insert into CATEGORIE (ID_CATEGORIE,NOM,TARIF,ID_PARENT) values (39,'Western',5,16);
Insert into CATEGORIE (ID_CATEGORIE,NOM,TARIF,ID_PARENT) values (40,'Science-Fiction',3,16);
Insert into CATEGORIE (ID_CATEGORIE,NOM,TARIF,ID_PARENT) values (41,'Film de cape et d''épée',3,16);

--Films
Insert into FILM (IMDB_ID,TITRE,ANNEE_SORTIE,COPIES_TOTAL,COPIES_DISPO,ID_CATEGORIE) values ('tt0035423','Kate and Leopold',2001,19,6,27);
Insert into FILM (IMDB_ID,TITRE,ANNEE_SORTIE,COPIES_TOTAL,COPIES_DISPO,ID_CATEGORIE) values ('tt0253474','The Pianist',2002,14,8,10);
Insert into FILM (IMDB_ID,TITRE,ANNEE_SORTIE,COPIES_TOTAL,COPIES_DISPO,ID_CATEGORIE) values ('tt0257044','Road to Perdition',2002,20,1,22);
Insert into FILM (IMDB_ID,TITRE,ANNEE_SORTIE,COPIES_TOTAL,COPIES_DISPO,ID_CATEGORIE) values ('tt0258068','The Quiet American',2002,23,2,5);
Insert into FILM (IMDB_ID,TITRE,ANNEE_SORTIE,COPIES_TOTAL,COPIES_DISPO,ID_CATEGORIE) values ('tt0259711','Vanilla Sky',2001,24,5,26);
Insert into FILM (IMDB_ID,TITRE,ANNEE_SORTIE,COPIES_TOTAL,COPIES_DISPO,ID_CATEGORIE) values ('tt0266543','Finding Nemo',2003,16,9,35);
Insert into FILM (IMDB_ID,TITRE,ANNEE_SORTIE,COPIES_TOTAL,COPIES_DISPO,ID_CATEGORIE) values ('tt0268380','Ice Age',2002,21,2,18);
Insert into FILM (IMDB_ID,TITRE,ANNEE_SORTIE,COPIES_TOTAL,COPIES_DISPO,ID_CATEGORIE) values ('tt0264464','Catch Me If You Can',2002,12,7,9);
Insert into FILM (IMDB_ID,TITRE,ANNEE_SORTIE,COPIES_TOTAL,COPIES_DISPO,ID_CATEGORIE) values ('tt0240200','Water',2005,10,2,41);
Insert into FILM (IMDB_ID,TITRE,ANNEE_SORTIE,COPIES_TOTAL,COPIES_DISPO,ID_CATEGORIE) values ('tt0211915','Amélie',2001,20,5,29);
Insert into FILM (IMDB_ID,TITRE,ANNEE_SORTIE,COPIES_TOTAL,COPIES_DISPO,ID_CATEGORIE) values ('tt0241527','Harry Potter and the Sorcerer''s Stone',2001,23,7,18);
Insert into FILM (IMDB_ID,TITRE,ANNEE_SORTIE,COPIES_TOTAL,COPIES_DISPO,ID_CATEGORIE) values ('tt0242252','The Affair of the Necklace',2001,12,2,30);
Insert into FILM (IMDB_ID,TITRE,ANNEE_SORTIE,COPIES_TOTAL,COPIES_DISPO,ID_CATEGORIE) values ('tt0212720','A.I. Artificial Intelligence',2001,21,6,37);
Insert into FILM (IMDB_ID,TITRE,ANNEE_SORTIE,COPIES_TOTAL,COPIES_DISPO,ID_CATEGORIE) values ('tt0213149','Pearl Harbor',2001,25,9,28);
Insert into FILM (IMDB_ID,TITRE,ANNEE_SORTIE,COPIES_TOTAL,COPIES_DISPO,ID_CATEGORIE) values ('tt0243133','The Man Who Wasn''t There',2001,23,3,40);
Insert into FILM (IMDB_ID,TITRE,ANNEE_SORTIE,COPIES_TOTAL,COPIES_DISPO,ID_CATEGORIE) values ('tt0243155','Bridget Jones''s Diary',2001,11,2,39);
Insert into FILM (IMDB_ID,TITRE,ANNEE_SORTIE,COPIES_TOTAL,COPIES_DISPO,ID_CATEGORIE) values ('tt0245429','Spirited Away',2001,18,3,35);
Insert into FILM (IMDB_ID,TITRE,ANNEE_SORTIE,COPIES_TOTAL,COPIES_DISPO,ID_CATEGORIE) values ('tt0217505','Gangs of New York',2002,23,10,4);
Insert into FILM (IMDB_ID,TITRE,ANNEE_SORTIE,COPIES_TOTAL,COPIES_DISPO,ID_CATEGORIE) values ('tt0139654','Training Day',2001,25,6,33);
Insert into FILM (IMDB_ID,TITRE,ANNEE_SORTIE,COPIES_TOTAL,COPIES_DISPO,ID_CATEGORIE) values ('tt0120737','The Lord of the Rings: The Fellowship of the Ring',2001,19,9,13);
Insert into FILM (IMDB_ID,TITRE,ANNEE_SORTIE,COPIES_TOTAL,COPIES_DISPO,ID_CATEGORIE) values ('tt0121765','Star Wars: Episode II - Attack of the Clones',2002,24,5,35);
Insert into FILM (IMDB_ID,TITRE,ANNEE_SORTIE,COPIES_TOTAL,COPIES_DISPO,ID_CATEGORIE) values ('tt0159365','Cold Mountain',2003,24,10,17);
Insert into FILM (IMDB_ID,TITRE,ANNEE_SORTIE,COPIES_TOTAL,COPIES_DISPO,ID_CATEGORIE) values ('tt0126029','Shrek',2001,22,7,7);
Insert into FILM (IMDB_ID,TITRE,ANNEE_SORTIE,COPIES_TOTAL,COPIES_DISPO,ID_CATEGORIE) values ('tt0145487','Spider-Man',2002,17,4,34);
Insert into FILM (IMDB_ID,TITRE,ANNEE_SORTIE,COPIES_TOTAL,COPIES_DISPO,ID_CATEGORIE) values ('tt0161860','Nowhere in Africa',2001,17,6,22);
Insert into FILM (IMDB_ID,TITRE,ANNEE_SORTIE,COPIES_TOTAL,COPIES_DISPO,ID_CATEGORIE) values ('tt0162346','Ghost World',2001,16,2,40);
Insert into FILM (IMDB_ID,TITRE,ANNEE_SORTIE,COPIES_TOTAL,COPIES_DISPO,ID_CATEGORIE) values ('tt0166813','Spirit: Stallion of the Cimarron',2002,12,6,19);
Insert into FILM (IMDB_ID,TITRE,ANNEE_SORTIE,COPIES_TOTAL,COPIES_DISPO,ID_CATEGORIE) values ('tt0167261','The Lord of the Rings: The Two Towers',2002,22,5,20);
Insert into FILM (IMDB_ID,TITRE,ANNEE_SORTIE,COPIES_TOTAL,COPIES_DISPO,ID_CATEGORIE) values ('tt0169102','Lagaan: Once Upon a Time in India',2001,22,9,17);
Insert into FILM (IMDB_ID,TITRE,ANNEE_SORTIE,COPIES_TOTAL,COPIES_DISPO,ID_CATEGORIE) values ('tt0383574','Pirates of the Caribbean: Dead Man''s Chest',2006,13,7,6);
Insert into FILM (IMDB_ID,TITRE,ANNEE_SORTIE,COPIES_TOTAL,COPIES_DISPO,ID_CATEGORIE) values ('tt0418279','Transformers',2007,25,7,7);
Insert into FILM (IMDB_ID,TITRE,ANNEE_SORTIE,COPIES_TOTAL,COPIES_DISPO,ID_CATEGORIE) values ('tt0419887','The Kite Runner',2007,21,9,38);
Insert into FILM (IMDB_ID,TITRE,ANNEE_SORTIE,COPIES_TOTAL,COPIES_DISPO,ID_CATEGORIE) values ('tt0367594','Charlie and the Chocolate Factory',2005,11,7,40);
Insert into FILM (IMDB_ID,TITRE,ANNEE_SORTIE,COPIES_TOTAL,COPIES_DISPO,ID_CATEGORIE) values ('tt0426578','Sophie Scholl: The Final Days',2005,11,5,26);
Insert into FILM (IMDB_ID,TITRE,ANNEE_SORTIE,COPIES_TOTAL,COPIES_DISPO,ID_CATEGORIE) values ('tt0426931','August Rush',2007,21,0,37);
Insert into FILM (IMDB_ID,TITRE,ANNEE_SORTIE,COPIES_TOTAL,COPIES_DISPO,ID_CATEGORIE) values ('tt0368794','I''m Not There.',2007,15,2,8);
Insert into FILM (IMDB_ID,TITRE,ANNEE_SORTIE,COPIES_TOTAL,COPIES_DISPO,ID_CATEGORIE) values ('tt0422720','Marie Antoinette',2006,10,1,9);
Insert into FILM (IMDB_ID,TITRE,ANNEE_SORTIE,COPIES_TOTAL,COPIES_DISPO,ID_CATEGORIE) values ('tt0427617','Our Time Is Up',2004,13,4,19);
Insert into FILM (IMDB_ID,TITRE,ANNEE_SORTIE,COPIES_TOTAL,COPIES_DISPO,ID_CATEGORIE) values ('tt0369702','The Sea Inside',2004,21,7,16);
Insert into FILM (IMDB_ID,TITRE,ANNEE_SORTIE,COPIES_TOTAL,COPIES_DISPO,ID_CATEGORIE) values ('tt0388789','Born Into Brothels: Calcutta''s Red Light Kids',2004,13,1,29);
Insert into FILM (IMDB_ID,TITRE,ANNEE_SORTIE,COPIES_TOTAL,COPIES_DISPO,ID_CATEGORIE) values ('tt0388795','Brokeback Mountain',2005,18,8,15);
Insert into FILM (IMDB_ID,TITRE,ANNEE_SORTIE,COPIES_TOTAL,COPIES_DISPO,ID_CATEGORIE) values ('tt0389860','Click',2006,14,2,14);
Insert into FILM (IMDB_ID,TITRE,ANNEE_SORTIE,COPIES_TOTAL,COPIES_DISPO,ID_CATEGORIE) values ('tt0371746','Iron Man',2008,21,5,13);
Insert into FILM (IMDB_ID,TITRE,ANNEE_SORTIE,COPIES_TOTAL,COPIES_DISPO,ID_CATEGORIE) values ('tt0390221','Maria Full of Grace',2004,17,5,30);
Insert into FILM (IMDB_ID,TITRE,ANNEE_SORTIE,COPIES_TOTAL,COPIES_DISPO,ID_CATEGORIE) values ('tt0390579','Two Cars, One Night',2004,18,9,26);
Insert into FILM (IMDB_ID,TITRE,ANNEE_SORTIE,COPIES_TOTAL,COPIES_DISPO,ID_CATEGORIE) values ('tt0425200','Little Terrorist',2004,15,1,33);
Insert into FILM (IMDB_ID,TITRE,ANNEE_SORTIE,COPIES_TOTAL,COPIES_DISPO,ID_CATEGORIE) values ('tt0372784','Batman Begins',2005,19,8,41);
Insert into FILM (IMDB_ID,TITRE,ANNEE_SORTIE,COPIES_TOTAL,COPIES_DISPO,ID_CATEGORIE) values ('tt0353737','Mighty Times: The Legacy of Rosa Parks',2002,19,4,6);
Insert into FILM (IMDB_ID,TITRE,ANNEE_SORTIE,COPIES_TOTAL,COPIES_DISPO,ID_CATEGORIE) values ('tt0373861','The Story of the Weeping Camel',2003,18,7,16);
Insert into FILM (IMDB_ID,TITRE,ANNEE_SORTIE,COPIES_TOTAL,COPIES_DISPO,ID_CATEGORIE) values ('tt0395169','Hotel Rwanda',2004,18,9,4);
Insert into FILM (IMDB_ID,TITRE,ANNEE_SORTIE,COPIES_TOTAL,COPIES_DISPO,ID_CATEGORIE) values ('tt0375063','Sideways',2004,19,6,21);
Insert into FILM (IMDB_ID,TITRE,ANNEE_SORTIE,COPIES_TOTAL,COPIES_DISPO,ID_CATEGORIE) values ('tt0395972','North Country',2005,14,4,31);
Insert into FILM (IMDB_ID,TITRE,ANNEE_SORTIE,COPIES_TOTAL,COPIES_DISPO,ID_CATEGORIE) values ('tt0407887','The Departed',2006,24,4,25);
Insert into FILM (IMDB_ID,TITRE,ANNEE_SORTIE,COPIES_TOTAL,COPIES_DISPO,ID_CATEGORIE) values ('tt0376541','Closer',2004,13,8,30);
Insert into FILM (IMDB_ID,TITRE,ANNEE_SORTIE,COPIES_TOTAL,COPIES_DISPO,ID_CATEGORIE) values ('tt0396959','Chernobyl Heart',2003,23,6,28);
Insert into FILM (IMDB_ID,TITRE,ANNEE_SORTIE,COPIES_TOTAL,COPIES_DISPO,ID_CATEGORIE) values ('tt0408306','Munich',2005,22,5,22);
Insert into FILM (IMDB_ID,TITRE,ANNEE_SORTIE,COPIES_TOTAL,COPIES_DISPO,ID_CATEGORIE) values ('tt0409182','Poseidon',2006,13,4,21);
Insert into FILM (IMDB_ID,TITRE,ANNEE_SORTIE,COPIES_TOTAL,COPIES_DISPO,ID_CATEGORIE) values ('tt0358273','Walk the Line',2005,15,8,23);
Insert into FILM (IMDB_ID,TITRE,ANNEE_SORTIE,COPIES_TOTAL,COPIES_DISPO,ID_CATEGORIE) values ('tt0398286','Tangled',2010,22,1,23);
Insert into FILM (IMDB_ID,TITRE,ANNEE_SORTIE,COPIES_TOTAL,COPIES_DISPO,ID_CATEGORIE) values ('tt0410097','Hustle and Flow',2005,21,8,6);
Insert into FILM (IMDB_ID,TITRE,ANNEE_SORTIE,COPIES_TOTAL,COPIES_DISPO,ID_CATEGORIE) values ('tt0399146','A History of Violence',2005,16,3,7);
Insert into FILM (IMDB_ID,TITRE,ANNEE_SORTIE,COPIES_TOTAL,COPIES_DISPO,ID_CATEGORIE) values ('tt0360717','King Kong',2005,22,7,35);
Insert into FILM (IMDB_ID,TITRE,ANNEE_SORTIE,COPIES_TOTAL,COPIES_DISPO,ID_CATEGORIE) values ('tt0402399','The New World',2005,17,5,14);
Insert into FILM (IMDB_ID,TITRE,ANNEE_SORTIE,COPIES_TOTAL,COPIES_DISPO,ID_CATEGORIE) values ('tt0363771','The Chronicles of Narnia: The Lion, the Witch and the Wardrobe',2005,13,5,37);
Insert into FILM (IMDB_ID,TITRE,ANNEE_SORTIE,COPIES_TOTAL,COPIES_DISPO,ID_CATEGORIE) values ('tt0325980','Pirates of the Caribbean: The Curse of the Black Pearl',2003,17,5,17);
Insert into FILM (IMDB_ID,TITRE,ANNEE_SORTIE,COPIES_TOTAL,COPIES_DISPO,ID_CATEGORIE) values ('tt0339291','A Series of Unfortunate Events',2004,24,4,39);
Insert into FILM (IMDB_ID,TITRE,ANNEE_SORTIE,COPIES_TOTAL,COPIES_DISPO,ID_CATEGORIE) values ('tt0305206','American Splendor',2003,20,8,5);
Insert into FILM (IMDB_ID,TITRE,ANNEE_SORTIE,COPIES_TOTAL,COPIES_DISPO,ID_CATEGORIE) values ('tt0340855','Monster',2003,23,9,30);
Insert into FILM (IMDB_ID,TITRE,ANNEE_SORTIE,COPIES_TOTAL,COPIES_DISPO,ID_CATEGORIE) values ('tt0343818','I, Robot',2004,19,4,29);
Insert into FILM (IMDB_ID,TITRE,ANNEE_SORTIE,COPIES_TOTAL,COPIES_DISPO,ID_CATEGORIE) values ('tt0344510','A Very Long Engagement',2004,10,0,8);
Insert into FILM (IMDB_ID,TITRE,ANNEE_SORTIE,COPIES_TOTAL,COPIES_DISPO,ID_CATEGORIE) values ('tt0287467','Talk to Her',2002,23,3,31);
Insert into FILM (IMDB_ID,TITRE,ANNEE_SORTIE,COPIES_TOTAL,COPIES_DISPO,ID_CATEGORIE) values ('tt0348150','Superman Returns',2006,21,10,22);
Insert into FILM (IMDB_ID,TITRE,ANNEE_SORTIE,COPIES_TOTAL,COPIES_DISPO,ID_CATEGORIE) values ('tt0350258','Ray',2004,18,3,5);
Insert into FILM (IMDB_ID,TITRE,ANNEE_SORTIE,COPIES_TOTAL,COPIES_DISPO,ID_CATEGORIE) values ('tt0268978','A Beautiful Mind',2001,15,10,3);
Insert into FILM (IMDB_ID,TITRE,ANNEE_SORTIE,COPIES_TOTAL,COPIES_DISPO,ID_CATEGORIE) values ('tt0311113','Master and Commander: The Far Side of the World',2003,16,7,36);
Insert into FILM (IMDB_ID,TITRE,ANNEE_SORTIE,COPIES_TOTAL,COPIES_DISPO,ID_CATEGORIE) values ('tt0311648','Pieces of April',2003,23,3,8);
Insert into FILM (IMDB_ID,TITRE,ANNEE_SORTIE,COPIES_TOTAL,COPIES_DISPO,ID_CATEGORIE) values ('tt0312004','The Curse of the Were-Rabbit',2005,17,5,37);
Insert into FILM (IMDB_ID,TITRE,ANNEE_SORTIE,COPIES_TOTAL,COPIES_DISPO,ID_CATEGORIE) values ('tt0327597','Coraline',2009,19,6,28);
Insert into FILM (IMDB_ID,TITRE,ANNEE_SORTIE,COPIES_TOTAL,COPIES_DISPO,ID_CATEGORIE) values ('tt0293508','The Phantom of the Opera',2004,22,0,30);
Insert into FILM (IMDB_ID,TITRE,ANNEE_SORTIE,COPIES_TOTAL,COPIES_DISPO,ID_CATEGORIE) values ('tt0329575','Seabiscuit',2003,22,8,33);
Insert into FILM (IMDB_ID,TITRE,ANNEE_SORTIE,COPIES_TOTAL,COPIES_DISPO,ID_CATEGORIE) values ('tt0330373','Harry Potter and the Goblet of Fire',2005,25,3,35);
Insert into FILM (IMDB_ID,TITRE,ANNEE_SORTIE,COPIES_TOTAL,COPIES_DISPO,ID_CATEGORIE) values ('tt0296874','Strange Invaders',2001,11,9,20);
Insert into FILM (IMDB_ID,TITRE,ANNEE_SORTIE,COPIES_TOTAL,COPIES_DISPO,ID_CATEGORIE) values ('tt0297884','Far from Heaven',2002,16,0,34);
Insert into FILM (IMDB_ID,TITRE,ANNEE_SORTIE,COPIES_TOTAL,COPIES_DISPO,ID_CATEGORIE) values ('tt0298203','8 Mile',2002,17,3,16);
Insert into FILM (IMDB_ID,TITRE,ANNEE_SORTIE,COPIES_TOTAL,COPIES_DISPO,ID_CATEGORIE) values ('tt0317705','The Incredibles',2004,25,0,22);
Insert into FILM (IMDB_ID,TITRE,ANNEE_SORTIE,COPIES_TOTAL,COPIES_DISPO,ID_CATEGORIE) values ('tt0332452','Troy',2004,24,7,8);
Insert into FILM (IMDB_ID,TITRE,ANNEE_SORTIE,COPIES_TOTAL,COPIES_DISPO,ID_CATEGORIE) values ('tt0299658','Chicago',2002,23,1,37);
Insert into FILM (IMDB_ID,TITRE,ANNEE_SORTIE,COPIES_TOTAL,COPIES_DISPO,ID_CATEGORIE) values ('tt0301199','Dirty Pretty Things',2002,19,6,26);
Insert into FILM (IMDB_ID,TITRE,ANNEE_SORTIE,COPIES_TOTAL,COPIES_DISPO,ID_CATEGORIE) values ('tt0335266','Lost in Translation',2003,23,7,16);
Insert into FILM (IMDB_ID,TITRE,ANNEE_SORTIE,COPIES_TOTAL,COPIES_DISPO,ID_CATEGORIE) values ('tt0335345','The Passion of the Christ',2004,16,5,31);
Insert into FILM (IMDB_ID,TITRE,ANNEE_SORTIE,COPIES_TOTAL,COPIES_DISPO,ID_CATEGORIE) values ('tt0338013','Eternal Sunshine of the Spotless Mind',2004,14,5,26);
Insert into FILM (IMDB_ID,TITRE,ANNEE_SORTIE,COPIES_TOTAL,COPIES_DISPO,ID_CATEGORIE) values ('tt0338309','Evil',2003,24,3,36);
Insert into FILM (IMDB_ID,TITRE,ANNEE_SORTIE,COPIES_TOTAL,COPIES_DISPO,ID_CATEGORIE) values ('tt0338348','The Polar Express',2004,17,8,31);
Insert into FILM (IMDB_ID,TITRE,ANNEE_SORTIE,COPIES_TOTAL,COPIES_DISPO,ID_CATEGORIE) values ('tt0283509','No Man''s Land',2001,20,3,24);
Insert into FILM (IMDB_ID,TITRE,ANNEE_SORTIE,COPIES_TOTAL,COPIES_DISPO,ID_CATEGORIE) values ('tt0304141','Harry Potter and the Prisoner of Azkaban',2004,18,5,22);
Insert into FILM (IMDB_ID,TITRE,ANNEE_SORTIE,COPIES_TOTAL,COPIES_DISPO,ID_CATEGORIE) values ('tt0325638','I''ll Wait for the Next One...',2002,16,6,13);
Insert into FILM (IMDB_ID,TITRE,ANNEE_SORTIE,COPIES_TOTAL,COPIES_DISPO,ID_CATEGORIE) values ('tt0325710','The Last Samurai',2003,22,7,6);
Insert into FILM (IMDB_ID,TITRE,ANNEE_SORTIE,COPIES_TOTAL,COPIES_DISPO,ID_CATEGORIE) values ('tt1010048','Slumdog Millionaire',2008,18,4,19);
Insert into FILM (IMDB_ID,TITRE,ANNEE_SORTIE,COPIES_TOTAL,COPIES_DISPO,ID_CATEGORIE) values ('tt1013753','Milk',2008,16,8,41);
Insert into FILM (IMDB_ID,TITRE,ANNEE_SORTIE,COPIES_TOTAL,COPIES_DISPO,ID_CATEGORIE) values ('tt0824747','Changeling',2008,13,5,18);
Insert into FILM (IMDB_ID,TITRE,ANNEE_SORTIE,COPIES_TOTAL,COPIES_DISPO,ID_CATEGORIE) values ('tt0824758','The Last Station',2009,13,7,23);
Insert into FILM (IMDB_ID,TITRE,ANNEE_SORTIE,COPIES_TOTAL,COPIES_DISPO,ID_CATEGORIE) values ('tt1024648','Argo',2012,16,4,26);
Insert into FILM (IMDB_ID,TITRE,ANNEE_SORTIE,COPIES_TOTAL,COPIES_DISPO,ID_CATEGORIE) values ('tt1034303','Defiance',2008,13,5,36);
Insert into FILM (IMDB_ID,TITRE,ANNEE_SORTIE,COPIES_TOTAL,COPIES_DISPO,ID_CATEGORIE) values ('tt1054606','The Imaginarium of Doctor Parnassus',2009,14,6,3);
Insert into FILM (IMDB_ID,TITRE,ANNEE_SORTIE,COPIES_TOTAL,COPIES_DISPO,ID_CATEGORIE) values ('tt1055369','Transformers: Revenge of the Fallen',2009,21,4,24);
Insert into FILM (IMDB_ID,TITRE,ANNEE_SORTIE,COPIES_TOTAL,COPIES_DISPO,ID_CATEGORIE) values ('tt0892769','How to Train Your Dragon',2010,16,10,10);
Insert into FILM (IMDB_ID,TITRE,ANNEE_SORTIE,COPIES_TOTAL,COPIES_DISPO,ID_CATEGORIE) values ('tt1057500','Invictus',2009,24,7,16);
Insert into FILM (IMDB_ID,TITRE,ANNEE_SORTIE,COPIES_TOTAL,COPIES_DISPO,ID_CATEGORIE) values ('tt0902999','No Time for Nuts',2006,17,10,39);
Insert into FILM (IMDB_ID,TITRE,ANNEE_SORTIE,COPIES_TOTAL,COPIES_DISPO,ID_CATEGORIE) values ('tt1065073','Boyhood',2014,13,7,16);
Insert into FILM (IMDB_ID,TITRE,ANNEE_SORTIE,COPIES_TOTAL,COPIES_DISPO,ID_CATEGORIE) values ('tt1068646','The Class',2008,19,1,34);
Insert into FILM (IMDB_ID,TITRE,ANNEE_SORTIE,COPIES_TOTAL,COPIES_DISPO,ID_CATEGORIE) values ('tt0841160','Sari''s Mother',2006,14,7,22);
Insert into FILM (IMDB_ID,TITRE,ANNEE_SORTIE,COPIES_TOTAL,COPIES_DISPO,ID_CATEGORIE) values ('tt0903624','The Hobbit: An Unexpected Journey',2012,14,1,31);
Insert into FILM (IMDB_ID,TITRE,ANNEE_SORTIE,COPIES_TOTAL,COPIES_DISPO,ID_CATEGORIE) values ('tt0907657','Once',2007,13,7,39);
Insert into FILM (IMDB_ID,TITRE,ANNEE_SORTIE,COPIES_TOTAL,COPIES_DISPO,ID_CATEGORIE) values ('tt1049413','Up',2009,15,6,8);
Insert into FILM (IMDB_ID,TITRE,ANNEE_SORTIE,COPIES_TOTAL,COPIES_DISPO,ID_CATEGORIE) values ('tt0964517','The Fighter',2010,15,5,5);
Insert into FILM (IMDB_ID,TITRE,ANNEE_SORTIE,COPIES_TOTAL,COPIES_DISPO,ID_CATEGORIE) values ('tt0796366','Star Trek',2009,20,9,16);
Insert into FILM (IMDB_ID,TITRE,ANNEE_SORTIE,COPIES_TOTAL,COPIES_DISPO,ID_CATEGORIE) values ('tt0970179','Hugo',2011,20,3,21);
Insert into FILM (IMDB_ID,TITRE,ANNEE_SORTIE,COPIES_TOTAL,COPIES_DISPO,ID_CATEGORIE) values ('tt0926084','Harry Potter and the Deathly Hallows: Part 1',2010,15,7,20);
Insert into FILM (IMDB_ID,TITRE,ANNEE_SORTIE,COPIES_TOTAL,COPIES_DISPO,ID_CATEGORIE) values ('tt0805564','Lars and the Real Girl',2007,15,4,16);
Insert into FILM (IMDB_ID,TITRE,ANNEE_SORTIE,COPIES_TOTAL,COPIES_DISPO,ID_CATEGORIE) values ('tt0854678','Taxi to the Dark Side',2007,24,10,22);
Insert into FILM (IMDB_ID,TITRE,ANNEE_SORTIE,COPIES_TOTAL,COPIES_DISPO,ID_CATEGORIE) values ('tt0929632','Precious',2009,16,5,8);
Insert into FILM (IMDB_ID,TITRE,ANNEE_SORTIE,COPIES_TOTAL,COPIES_DISPO,ID_CATEGORIE) values ('tt0859595','The Blood of Yingzhou District',2006,15,5,29);
Insert into FILM (IMDB_ID,TITRE,ANNEE_SORTIE,COPIES_TOTAL,COPIES_DISPO,ID_CATEGORIE) values ('tt0983193','The Adventures of Tintin',2011,22,9,7);
Insert into FILM (IMDB_ID,TITRE,ANNEE_SORTIE,COPIES_TOTAL,COPIES_DISPO,ID_CATEGORIE) values ('tt0810784','Bright Star',2009,17,7,25);
Insert into FILM (IMDB_ID,TITRE,ANNEE_SORTIE,COPIES_TOTAL,COPIES_DISPO,ID_CATEGORIE) values ('tt0864761','The Duchess',2008,16,3,9);
Insert into FILM (IMDB_ID,TITRE,ANNEE_SORTIE,COPIES_TOTAL,COPIES_DISPO,ID_CATEGORIE) values ('tt0935075','Rabbit Hole',2010,17,2,39);
Insert into FILM (IMDB_ID,TITRE,ANNEE_SORTIE,COPIES_TOTAL,COPIES_DISPO,ID_CATEGORIE) values ('tt0988045','Sherlock Holmes',2009,14,8,40);
Insert into FILM (IMDB_ID,TITRE,ANNEE_SORTIE,COPIES_TOTAL,COPIES_DISPO,ID_CATEGORIE) values ('tt0944835','Salt',2010,23,9,34);
Insert into FILM (IMDB_ID,TITRE,ANNEE_SORTIE,COPIES_TOTAL,COPIES_DISPO,ID_CATEGORIE) values ('tt0443680','The Assassination of Jesse James by the Coward Robert Ford',2007,14,6,3);
Insert into FILM (IMDB_ID,TITRE,ANNEE_SORTIE,COPIES_TOTAL,COPIES_DISPO,ID_CATEGORIE) values ('tt0498380','Letters from Iwo Jima',2006,23,2,4);
Insert into FILM (IMDB_ID,TITRE,ANNEE_SORTIE,COPIES_TOTAL,COPIES_DISPO,ID_CATEGORIE) values ('tt0445620','Paradise Now',2005,13,6,11);
Insert into FILM (IMDB_ID,TITRE,ANNEE_SORTIE,COPIES_TOTAL,COPIES_DISPO,ID_CATEGORIE) values ('tt0445922','Across the Universe',2007,11,7,7);
Insert into FILM (IMDB_ID,TITRE,ANNEE_SORTIE,COPIES_TOTAL,COPIES_DISPO,ID_CATEGORIE) values ('tt0465551','Notes on a Scandal',2006,23,1,20);
Insert into FILM (IMDB_ID,TITRE,ANNEE_SORTIE,COPIES_TOTAL,COPIES_DISPO,ID_CATEGORIE) values ('tt0765429','American Gangster',2007,14,2,28);
Insert into FILM (IMDB_ID,TITRE,ANNEE_SORTIE,COPIES_TOTAL,COPIES_DISPO,ID_CATEGORIE) values ('tt0765443','Eastern Promises',2007,24,0,23);
Insert into FILM (IMDB_ID,TITRE,ANNEE_SORTIE,COPIES_TOTAL,COPIES_DISPO,ID_CATEGORIE) values ('tt0780521','The Princess and the Frog',2009,20,8,37);
Insert into FILM (IMDB_ID,TITRE,ANNEE_SORTIE,COPIES_TOTAL,COPIES_DISPO,ID_CATEGORIE) values ('tt0780536','In Bruges',2008,16,6,8);
Insert into FILM (IMDB_ID,TITRE,ANNEE_SORTIE,COPIES_TOTAL,COPIES_DISPO,ID_CATEGORIE) values ('tt0780653','The Wolfman',2010,15,8,38);
Insert into FILM (IMDB_ID,TITRE,ANNEE_SORTIE,COPIES_TOTAL,COPIES_DISPO,ID_CATEGORIE) values ('tt0449059','Little Miss Sunshine',2006,15,7,7);
Insert into FILM (IMDB_ID,TITRE,ANNEE_SORTIE,COPIES_TOTAL,COPIES_DISPO,ID_CATEGORIE) values ('tt0449088','Pirates of the Caribbean: At World''s End',2007,13,2,30);
Insert into FILM (IMDB_ID,TITRE,ANNEE_SORTIE,COPIES_TOTAL,COPIES_DISPO,ID_CATEGORIE) values ('tt0450188','La Vie en Rose',2007,21,10,22);
Insert into FILM (IMDB_ID,TITRE,ANNEE_SORTIE,COPIES_TOTAL,COPIES_DISPO,ID_CATEGORIE) values ('tt0469494','There Will Be Blood',2007,16,6,19);
Insert into FILM (IMDB_ID,TITRE,ANNEE_SORTIE,COPIES_TOTAL,COPIES_DISPO,ID_CATEGORIE) values ('tt0432283','Fantastic Mr. Fox',2009,21,3,17);
Insert into FILM (IMDB_ID,TITRE,ANNEE_SORTIE,COPIES_TOTAL,COPIES_DISPO,ID_CATEGORIE) values ('tt0433383','Good Night, and Good Luck.',2005,20,7,16);
Insert into FILM (IMDB_ID,TITRE,ANNEE_SORTIE,COPIES_TOTAL,COPIES_DISPO,ID_CATEGORIE) values ('tt0452623','Gone Baby Gone',2007,19,2,36);
Insert into FILM (IMDB_ID,TITRE,ANNEE_SORTIE,COPIES_TOTAL,COPIES_DISPO,ID_CATEGORIE) values ('tt0473444','Curse of the Golden Flower',2006,18,6,31);
Insert into FILM (IMDB_ID,TITRE,ANNEE_SORTIE,COPIES_TOTAL,COPIES_DISPO,ID_CATEGORIE) values ('tt0489342','Which Way Home',2009,20,7,13);
Insert into FILM (IMDB_ID,TITRE,ANNEE_SORTIE,COPIES_TOTAL,COPIES_DISPO,ID_CATEGORIE) values ('tt0435761','Toy Story 3',2010,13,2,39);
Insert into FILM (IMDB_ID,TITRE,ANNEE_SORTIE,COPIES_TOTAL,COPIES_DISPO,ID_CATEGORIE) values ('tt0455590','The Last King of Scotland',2006,25,5,13);
Insert into FILM (IMDB_ID,TITRE,ANNEE_SORTIE,COPIES_TOTAL,COPIES_DISPO,ID_CATEGORIE) values ('tt0475276','United 93',2006,16,3,39);
Insert into FILM (IMDB_ID,TITRE,ANNEE_SORTIE,COPIES_TOTAL,COPIES_DISPO,ID_CATEGORIE) values ('tt0490215','Silence',2016,23,6,6);
Insert into FILM (IMDB_ID,TITRE,ANNEE_SORTIE,COPIES_TOTAL,COPIES_DISPO,ID_CATEGORIE) values ('tt0491747','Away from Her',2006,24,6,32);
Insert into FILM (IMDB_ID,TITRE,ANNEE_SORTIE,COPIES_TOTAL,COPIES_DISPO,ID_CATEGORIE) values ('tt0477080','Unstoppable',2010,12,7,13);
Insert into FILM (IMDB_ID,TITRE,ANNEE_SORTIE,COPIES_TOTAL,COPIES_DISPO,ID_CATEGORIE) values ('tt0477302','Extremely Loud and Incredibly Close',2011,24,4,22);
Insert into FILM (IMDB_ID,TITRE,ANNEE_SORTIE,COPIES_TOTAL,COPIES_DISPO,ID_CATEGORIE) values ('tt0477348','No Country for Old Men',2007,14,10,37);
Insert into FILM (IMDB_ID,TITRE,ANNEE_SORTIE,COPIES_TOTAL,COPIES_DISPO,ID_CATEGORIE) values ('tt0439676','The Death of Kevin Carter: Casualty of the Bang Bang Club',2004,10,8,14);
Insert into FILM (IMDB_ID,TITRE,ANNEE_SORTIE,COPIES_TOTAL,COPIES_DISPO,ID_CATEGORIE) values ('tt0493464','Wanted',2008,19,0,15);
Insert into FILM (IMDB_ID,TITRE,ANNEE_SORTIE,COPIES_TOTAL,COPIES_DISPO,ID_CATEGORIE) values ('tt0440963','The Bourne Ultimatum',2007,17,4,19);
Insert into FILM (IMDB_ID,TITRE,ANNEE_SORTIE,COPIES_TOTAL,COPIES_DISPO,ID_CATEGORIE) values ('tt0441773','Kung Fu Panda',2008,19,7,23);
Insert into FILM (IMDB_ID,TITRE,ANNEE_SORTIE,COPIES_TOTAL,COPIES_DISPO,ID_CATEGORIE) values ('tt0442001','Binta and the Great Idea',2004,22,8,37);
Insert into FILM (IMDB_ID,TITRE,ANNEE_SORTIE,COPIES_TOTAL,COPIES_DISPO,ID_CATEGORIE) values ('tt0443446','Don''t Tell',2005,16,6,38);
Insert into FILM (IMDB_ID,TITRE,ANNEE_SORTIE,COPIES_TOTAL,COPIES_DISPO,ID_CATEGORIE) values ('tt0443453','Borat: Cultural Learnings of America for Make Benefit Glorious Nation of Ka',2006,18,6,15);
Insert into FILM (IMDB_ID,TITRE,ANNEE_SORTIE,COPIES_TOTAL,COPIES_DISPO,ID_CATEGORIE) values ('tt0443489','Dreamgirls',2006,12,7,39);
Insert into FILM (IMDB_ID,TITRE,ANNEE_SORTIE,COPIES_TOTAL,COPIES_DISPO,ID_CATEGORIE) values ('tt0443499','Everything in This Country Must',2004,12,4,38);
Insert into FILM (IMDB_ID,TITRE,ANNEE_SORTIE,COPIES_TOTAL,COPIES_DISPO,ID_CATEGORIE) values ('tt0461770','Enchanted',2007,14,9,27);
Insert into FILM (IMDB_ID,TITRE,ANNEE_SORTIE,COPIES_TOTAL,COPIES_DISPO,ID_CATEGORIE) values ('tt1521197','Anonymous',2011,12,3,3);
Insert into FILM (IMDB_ID,TITRE,ANNEE_SORTIE,COPIES_TOTAL,COPIES_DISPO,ID_CATEGORIE) values ('tt1430626','The Pirates! Band of Misfits',2012,14,6,23);
Insert into FILM (IMDB_ID,TITRE,ANNEE_SORTIE,COPIES_TOTAL,COPIES_DISPO,ID_CATEGORIE) values ('tt1430809','China''s Unnatural Disaster: The Tears of Sichuan Province',2009,19,8,32);
Insert into FILM (IMDB_ID,TITRE,ANNEE_SORTIE,COPIES_TOTAL,COPIES_DISPO,ID_CATEGORIE) values ('tt1431181','Another Year',2010,16,5,17);
Insert into FILM (IMDB_ID,TITRE,ANNEE_SORTIE,COPIES_TOTAL,COPIES_DISPO,ID_CATEGORIE) values ('tt1436562','Rio',2011,20,7,19);
Insert into FILM (IMDB_ID,TITRE,ANNEE_SORTIE,COPIES_TOTAL,COPIES_DISPO,ID_CATEGORIE) values ('tt1536048','W.E.',2011,20,5,13);
Insert into FILM (IMDB_ID,TITRE,ANNEE_SORTIE,COPIES_TOTAL,COPIES_DISPO,ID_CATEGORIE) values ('tt1543539','Music by Prudence',2010,13,4,41);
Insert into FILM (IMDB_ID,TITRE,ANNEE_SORTIE,COPIES_TOTAL,COPIES_DISPO,ID_CATEGORIE) values ('tt1343092','The Great Gatsby',2013,23,4,30);
Insert into FILM (IMDB_ID,TITRE,ANNEE_SORTIE,COPIES_TOTAL,COPIES_DISPO,ID_CATEGORIE) values ('tt1392190','Mad Max: Fury Road',2015,22,2,13);
Insert into FILM (IMDB_ID,TITRE,ANNEE_SORTIE,COPIES_TOTAL,COPIES_DISPO,ID_CATEGORIE) values ('tt1485796','The Greatest Showman',2017,13,9,39);
Insert into FILM (IMDB_ID,TITRE,ANNEE_SORTIE,COPIES_TOTAL,COPIES_DISPO,ID_CATEGORIE) values ('tt1454468','Gravity',2013,25,6,30);
Insert into FILM (IMDB_ID,TITRE,ANNEE_SORTIE,COPIES_TOTAL,COPIES_DISPO,ID_CATEGORIE) values ('tt1490017','The Lego Movie',2014,17,9,16);
Insert into FILM (IMDB_ID,TITRE,ANNEE_SORTIE,COPIES_TOTAL,COPIES_DISPO,ID_CATEGORIE) values ('tt1403865','True Grit',2010,11,4,28);
Insert into FILM (IMDB_ID,TITRE,ANNEE_SORTIE,COPIES_TOTAL,COPIES_DISPO,ID_CATEGORIE) values ('tt1355644','Passengers',2016,20,7,4);
Insert into FILM (IMDB_ID,TITRE,ANNEE_SORTIE,COPIES_TOTAL,COPIES_DISPO,ID_CATEGORIE) values ('tt1360068','The Witness from the Balcony of Room 306',2008,14,2,16);
Insert into FILM (IMDB_ID,TITRE,ANNEE_SORTIE,COPIES_TOTAL,COPIES_DISPO,ID_CATEGORIE) values ('tt1504320','The King''s Speech',2010,22,8,9);
Insert into FILM (IMDB_ID,TITRE,ANNEE_SORTIE,COPIES_TOTAL,COPIES_DISPO,ID_CATEGORIE) values ('tt1263670','Crazy Heart',2009,13,3,37);
Insert into FILM (IMDB_ID,TITRE,ANNEE_SORTIE,COPIES_TOTAL,COPIES_DISPO,ID_CATEGORIE) values ('tt1313092','Animal Kingdom',2010,23,1,13);
Insert into FILM (IMDB_ID,TITRE,ANNEE_SORTIE,COPIES_TOTAL,COPIES_DISPO,ID_CATEGORIE) values ('tt1318514','Rise of the Planet of the Apes',2011,15,10,18);
Insert into FILM (IMDB_ID,TITRE,ANNEE_SORTIE,COPIES_TOTAL,COPIES_DISPO,ID_CATEGORIE) values ('tt1135503','Julie and Julia',2009,15,5,21);
Insert into FILM (IMDB_ID,TITRE,ANNEE_SORTIE,COPIES_TOTAL,COPIES_DISPO,ID_CATEGORIE) values ('tt1201607','Harry Potter and the Deathly Hallows: Part 2',2011,17,6,19);
Insert into FILM (IMDB_ID,TITRE,ANNEE_SORTIE,COPIES_TOTAL,COPIES_DISPO,ID_CATEGORIE) values ('tt1322269','August: Osage County',2013,17,9,16);
Insert into FILM (IMDB_ID,TITRE,ANNEE_SORTIE,COPIES_TOTAL,COPIES_DISPO,ID_CATEGORIE) values ('tt1136608','District 9',2009,21,8,7);
Insert into FILM (IMDB_ID,TITRE,ANNEE_SORTIE,COPIES_TOTAL,COPIES_DISPO,ID_CATEGORIE) values ('tt1206488','The Milk of Sorrow',2009,11,3,11);
Insert into FILM (IMDB_ID,TITRE,ANNEE_SORTIE,COPIES_TOTAL,COPIES_DISPO,ID_CATEGORIE) values ('tt1142977','Frankenweenie',2012,15,5,26);
Insert into FILM (IMDB_ID,TITRE,ANNEE_SORTIE,COPIES_TOTAL,COPIES_DISPO,ID_CATEGORIE) values ('tt1210166','Moneyball',2011,15,6,6);
Insert into FILM (IMDB_ID,TITRE,ANNEE_SORTIE,COPIES_TOTAL,COPIES_DISPO,ID_CATEGORIE) values ('tt1211837','Doctor Strange',2016,23,0,21);
Insert into FILM (IMDB_ID,TITRE,ANNEE_SORTIE,COPIES_TOTAL,COPIES_DISPO,ID_CATEGORIE) values ('tt1212419','Hereafter',2010,13,1,41);
Insert into FILM (IMDB_ID,TITRE,ANNEE_SORTIE,COPIES_TOTAL,COPIES_DISPO,ID_CATEGORIE) values ('tt1074638','Skyfall',2012,13,3,24);
Insert into FILM (IMDB_ID,TITRE,ANNEE_SORTIE,COPIES_TOTAL,COPIES_DISPO,ID_CATEGORIE) values ('tt1077262','Ajami',2009,12,8,15);
Insert into FILM (IMDB_ID,TITRE,ANNEE_SORTIE,COPIES_TOTAL,COPIES_DISPO,ID_CATEGORIE) values ('tt1274300','The Tempest',2010,23,6,2);
Insert into FILM (IMDB_ID,TITRE,ANNEE_SORTIE,COPIES_TOTAL,COPIES_DISPO,ID_CATEGORIE) values ('tt1276419','A Royal Affair',2012,11,1,26);
Insert into FILM (IMDB_ID,TITRE,ANNEE_SORTIE,COPIES_TOTAL,COPIES_DISPO,ID_CATEGORIE) values ('tt1084950','Rachel Getting Married',2008,16,0,39);
Insert into FILM (IMDB_ID,TITRE,ANNEE_SORTIE,COPIES_TOTAL,COPIES_DISPO,ID_CATEGORIE) values ('tt1229822','Jane Eyre',2011,18,9,2);
Insert into FILM (IMDB_ID,TITRE,ANNEE_SORTIE,COPIES_TOTAL,COPIES_DISPO,ID_CATEGORIE) values ('tt1279499','This Way Up',2008,17,6,34);

-- CLIENTS
INSERT INTO Client(id_client, prenom, nom) VALUES( 1,'Emma','Morrison');
INSERT INTO Client(id_client, prenom, nom) VALUES( 2,'Christian','Newman');
INSERT INTO Client(id_client, prenom, nom) VALUES( 3,'Alexander','Dyer');
INSERT INTO Client(id_client, prenom, nom) VALUES( 4,'Thomas','Ball');
INSERT INTO Client(id_client, prenom, nom) VALUES( 5,'Diane','Ferguson');
INSERT INTO Client(id_client, prenom, nom) VALUES( 6,'Lauren','Vance');
INSERT INTO Client(id_client, prenom, nom) VALUES( 7,'Ian','Arnold');
INSERT INTO Client(id_client, prenom, nom) VALUES( 8,'Penelope','Gibson');
INSERT INTO Client(id_client, prenom, nom) VALUES( 9,'Chloe','Vaughan');
INSERT INTO Client(id_client, prenom, nom) VALUES(10,'Gordon','Dowd');
INSERT INTO Client(id_client, prenom, nom) VALUES(11,'Molly','Churchill');
INSERT INTO Client(id_client, prenom, nom) VALUES(12,'Matt','Robertson');
INSERT INTO Client(id_client, prenom, nom) VALUES(13,'Stewart','Paige');
INSERT INTO Client(id_client, prenom, nom) VALUES(14,'Christopher','Jones');
INSERT INTO Client(id_client, prenom, nom) VALUES(15,'Sarah','Baker');
INSERT INTO Client(id_client, prenom, nom) VALUES(16,'Oliver','Thomson');
INSERT INTO Client(id_client, prenom, nom) VALUES(17,'Dorothy','Piper');
INSERT INTO Client(id_client, prenom, nom) VALUES(18,'Una','Robertson');
INSERT INTO Client(id_client, prenom, nom) VALUES(19,'Vanessa','Poole');
INSERT INTO Client(id_client, prenom, nom) VALUES(20,'Sean','Wallace');
INSERT INTO Client(id_client, prenom, nom) VALUES(21,'William','Bell');
INSERT INTO Client(id_client, prenom, nom) VALUES(22,'Lisa','Hughes');
INSERT INTO Client(id_client, prenom, nom) VALUES(23,'Megan','Hemmings');
INSERT INTO Client(id_client, prenom, nom) VALUES(24,'Austin','McLean');
INSERT INTO Client(id_client, prenom, nom) VALUES(25,'Natalie','Berry');
INSERT INTO Client(id_client, prenom, nom) VALUES(26,'Colin','Black');
INSERT INTO Client(id_client, prenom, nom) VALUES(27,'Vanessa','Allan');
INSERT INTO Client(id_client, prenom, nom) VALUES(28,'Carl','Chapman');
INSERT INTO Client(id_client, prenom, nom) VALUES(29,'Anna','Hunter');
INSERT INTO Client(id_client, prenom, nom) VALUES(30,'Angela','Martin');
INSERT INTO Client(id_client, prenom, nom) VALUES(31,'Michael','Sanderson');
INSERT INTO Client(id_client, prenom, nom) VALUES(32,'Harry','Mills');
INSERT INTO Client(id_client, prenom, nom) VALUES(33,'Jason','Clarkson');
INSERT INTO Client(id_client, prenom, nom) VALUES(34,'Tim','Paterson');
INSERT INTO Client(id_client, prenom, nom) VALUES(35,'Abigail','Bond');
INSERT INTO Client(id_client, prenom, nom) VALUES(36,'Joan','Glover');
INSERT INTO Client(id_client, prenom, nom) VALUES(37,'Ian','Kerr');
INSERT INTO Client(id_client, prenom, nom) VALUES(38,'Alan','Fisher');
INSERT INTO Client(id_client, prenom, nom) VALUES(39,'Leah','Bailey');
INSERT INTO Client(id_client, prenom, nom) VALUES(40,'Brandon','Greene');
INSERT INTO Client(id_client, prenom, nom) VALUES(41,'Rachel','Ross');
INSERT INTO Client(id_client, prenom, nom) VALUES(42,'Keith','Nash');
INSERT INTO Client(id_client, prenom, nom) VALUES(43,'Bella','Lawrence');
INSERT INTO Client(id_client, prenom, nom) VALUES(44,'Fiona','Wilson');
INSERT INTO Client(id_client, prenom, nom) VALUES(45,'Adrian','Greene');
INSERT INTO Client(id_client, prenom, nom) VALUES(46,'Jan','Anderson');
INSERT INTO Client(id_client, prenom, nom) VALUES(47,'Jessica','Smith');
INSERT INTO Client(id_client, prenom, nom) VALUES(48,'Gavin','Martin');
INSERT INTO Client(id_client, prenom, nom) VALUES(49,'Liam','Randall');
INSERT INTO Client(id_client, prenom, nom) VALUES(50,'Trevor','Robertson');



-- Factures
Insert into FACTURE (NUM_FACTURE,ID_CLIENT,DATE_FACTURATION,MONTANT_TOTAL,DATE_PAIEMENT) values (1,2,to_date('19-03-14','RR-MM-DD'),5,null);
Insert into FACTURE (NUM_FACTURE,ID_CLIENT,DATE_FACTURATION,MONTANT_TOTAL,DATE_PAIEMENT) values (2,3,to_date('19-03-14','RR-MM-DD'),9,to_date('19-03-14','RR-MM-DD'));
Insert into FACTURE (NUM_FACTURE,ID_CLIENT,DATE_FACTURATION,MONTANT_TOTAL,DATE_PAIEMENT) values (3,4,to_date('19-03-14','RR-MM-DD'),4,to_date('19-03-14','RR-MM-DD'));
Insert into FACTURE (NUM_FACTURE,ID_CLIENT,DATE_FACTURATION,MONTANT_TOTAL,DATE_PAIEMENT) values (4,5,to_date('19-03-14','RR-MM-DD'),6,null);
Insert into FACTURE (NUM_FACTURE,ID_CLIENT,DATE_FACTURATION,MONTANT_TOTAL,DATE_PAIEMENT) values (5,6,to_date('19-03-14','RR-MM-DD'),7,to_date('19-03-14','RR-MM-DD'));
Insert into FACTURE (NUM_FACTURE,ID_CLIENT,DATE_FACTURATION,MONTANT_TOTAL,DATE_PAIEMENT) values (6,8,to_date('19-03-14','RR-MM-DD'),3,null);
Insert into FACTURE (NUM_FACTURE,ID_CLIENT,DATE_FACTURATION,MONTANT_TOTAL,DATE_PAIEMENT) values (7,10,to_date('19-03-14','RR-MM-DD'),18,null);
Insert into FACTURE (NUM_FACTURE,ID_CLIENT,DATE_FACTURATION,MONTANT_TOTAL,DATE_PAIEMENT) values (8,11,to_date('19-03-14','RR-MM-DD'),21,null);
Insert into FACTURE (NUM_FACTURE,ID_CLIENT,DATE_FACTURATION,MONTANT_TOTAL,DATE_PAIEMENT) values (9,12,to_date('19-03-14','RR-MM-DD'),11,null);
Insert into FACTURE (NUM_FACTURE,ID_CLIENT,DATE_FACTURATION,MONTANT_TOTAL,DATE_PAIEMENT) values (10,13,to_date('19-03-14','RR-MM-DD'),4,to_date('19-03-14','RR-MM-DD'));
Insert into FACTURE (NUM_FACTURE,ID_CLIENT,DATE_FACTURATION,MONTANT_TOTAL,DATE_PAIEMENT) values (11,14,to_date('19-03-14','RR-MM-DD'),4,to_date('19-03-14','RR-MM-DD'));
Insert into FACTURE (NUM_FACTURE,ID_CLIENT,DATE_FACTURATION,MONTANT_TOTAL,DATE_PAIEMENT) values (12,15,to_date('19-03-14','RR-MM-DD'),9,to_date('19-03-14','RR-MM-DD'));
Insert into FACTURE (NUM_FACTURE,ID_CLIENT,DATE_FACTURATION,MONTANT_TOTAL,DATE_PAIEMENT) values (13,16,to_date('19-03-14','RR-MM-DD'),10,null);
Insert into FACTURE (NUM_FACTURE,ID_CLIENT,DATE_FACTURATION,MONTANT_TOTAL,DATE_PAIEMENT) values (14,19,to_date('19-03-14','RR-MM-DD'),11,null);
Insert into FACTURE (NUM_FACTURE,ID_CLIENT,DATE_FACTURATION,MONTANT_TOTAL,DATE_PAIEMENT) values (15,20,to_date('19-03-14','RR-MM-DD'),4,null);
Insert into FACTURE (NUM_FACTURE,ID_CLIENT,DATE_FACTURATION,MONTANT_TOTAL,DATE_PAIEMENT) values (16,21,to_date('19-03-14','RR-MM-DD'),8,to_date('19-03-14','RR-MM-DD'));
Insert into FACTURE (NUM_FACTURE,ID_CLIENT,DATE_FACTURATION,MONTANT_TOTAL,DATE_PAIEMENT) values (17,22,to_date('19-03-14','RR-MM-DD'),3,null);
Insert into FACTURE (NUM_FACTURE,ID_CLIENT,DATE_FACTURATION,MONTANT_TOTAL,DATE_PAIEMENT) values (18,24,to_date('19-03-14','RR-MM-DD'),4,to_date('19-03-14','RR-MM-DD'));
Insert into FACTURE (NUM_FACTURE,ID_CLIENT,DATE_FACTURATION,MONTANT_TOTAL,DATE_PAIEMENT) values (19,25,to_date('19-03-14','RR-MM-DD'),5,null);
Insert into FACTURE (NUM_FACTURE,ID_CLIENT,DATE_FACTURATION,MONTANT_TOTAL,DATE_PAIEMENT) values (20,26,to_date('19-03-14','RR-MM-DD'),21,null);
Insert into FACTURE (NUM_FACTURE,ID_CLIENT,DATE_FACTURATION,MONTANT_TOTAL,DATE_PAIEMENT) values (21,27,to_date('19-03-14','RR-MM-DD'),11,null);
Insert into FACTURE (NUM_FACTURE,ID_CLIENT,DATE_FACTURATION,MONTANT_TOTAL,DATE_PAIEMENT) values (22,28,to_date('19-03-14','RR-MM-DD'),5,to_date('19-03-14','RR-MM-DD'));
Insert into FACTURE (NUM_FACTURE,ID_CLIENT,DATE_FACTURATION,MONTANT_TOTAL,DATE_PAIEMENT) values (23,29,to_date('19-03-14','RR-MM-DD'),3,to_date('19-03-14','RR-MM-DD'));
Insert into FACTURE (NUM_FACTURE,ID_CLIENT,DATE_FACTURATION,MONTANT_TOTAL,DATE_PAIEMENT) values (24,33,to_date('19-03-14','RR-MM-DD'),3,to_date('19-03-14','RR-MM-DD'));
Insert into FACTURE (NUM_FACTURE,ID_CLIENT,DATE_FACTURATION,MONTANT_TOTAL,DATE_PAIEMENT) values (25,34,to_date('19-03-14','RR-MM-DD'),6,null);
Insert into FACTURE (NUM_FACTURE,ID_CLIENT,DATE_FACTURATION,MONTANT_TOTAL,DATE_PAIEMENT) values (26,35,to_date('19-03-14','RR-MM-DD'),5,to_date('19-03-14','RR-MM-DD'));
Insert into FACTURE (NUM_FACTURE,ID_CLIENT,DATE_FACTURATION,MONTANT_TOTAL,DATE_PAIEMENT) values (27,36,to_date('19-03-14','RR-MM-DD'),9,null);
Insert into FACTURE (NUM_FACTURE,ID_CLIENT,DATE_FACTURATION,MONTANT_TOTAL,DATE_PAIEMENT) values (28,37,to_date('19-03-14','RR-MM-DD'),16,null);
Insert into FACTURE (NUM_FACTURE,ID_CLIENT,DATE_FACTURATION,MONTANT_TOTAL,DATE_PAIEMENT) values (29,38,to_date('19-03-14','RR-MM-DD'),9,to_date('19-03-14','RR-MM-DD'));
Insert into FACTURE (NUM_FACTURE,ID_CLIENT,DATE_FACTURATION,MONTANT_TOTAL,DATE_PAIEMENT) values (30,39,to_date('19-03-14','RR-MM-DD'),12,to_date('19-03-14','RR-MM-DD'));
Insert into FACTURE (NUM_FACTURE,ID_CLIENT,DATE_FACTURATION,MONTANT_TOTAL,DATE_PAIEMENT) values (31,40,to_date('19-03-14','RR-MM-DD'),5,null);
Insert into FACTURE (NUM_FACTURE,ID_CLIENT,DATE_FACTURATION,MONTANT_TOTAL,DATE_PAIEMENT) values (32,41,to_date('19-03-14','RR-MM-DD'),13,null);
Insert into FACTURE (NUM_FACTURE,ID_CLIENT,DATE_FACTURATION,MONTANT_TOTAL,DATE_PAIEMENT) values (33,42,to_date('19-03-14','RR-MM-DD'),18,null);
Insert into FACTURE (NUM_FACTURE,ID_CLIENT,DATE_FACTURATION,MONTANT_TOTAL,DATE_PAIEMENT) values (34,43,to_date('19-03-14','RR-MM-DD'),5,to_date('19-03-14','RR-MM-DD'));
Insert into FACTURE (NUM_FACTURE,ID_CLIENT,DATE_FACTURATION,MONTANT_TOTAL,DATE_PAIEMENT) values (35,45,to_date('19-03-14','RR-MM-DD'),24,null);
Insert into FACTURE (NUM_FACTURE,ID_CLIENT,DATE_FACTURATION,MONTANT_TOTAL,DATE_PAIEMENT) values (36,46,to_date('19-03-14','RR-MM-DD'),10,null);
Insert into FACTURE (NUM_FACTURE,ID_CLIENT,DATE_FACTURATION,MONTANT_TOTAL,DATE_PAIEMENT) values (37,48,to_date('19-03-14','RR-MM-DD'),7,null);
Insert into FACTURE (NUM_FACTURE,ID_CLIENT,DATE_FACTURATION,MONTANT_TOTAL,DATE_PAIEMENT) values (38,49,to_date('19-03-14','RR-MM-DD'),6,null);
Insert into FACTURE (NUM_FACTURE,ID_CLIENT,DATE_FACTURATION,MONTANT_TOTAL,DATE_PAIEMENT) values (39,1,to_date('19-03-14','RR-MM-DD'),8,to_date('19-03-14','RR-MM-DD'));
Insert into FACTURE (NUM_FACTURE,ID_CLIENT,DATE_FACTURATION,MONTANT_TOTAL,DATE_PAIEMENT) values (40,2,to_date('19-03-14','RR-MM-DD'),35,null);
Insert into FACTURE (NUM_FACTURE,ID_CLIENT,DATE_FACTURATION,MONTANT_TOTAL,DATE_PAIEMENT) values (41,3,to_date('19-03-14','RR-MM-DD'),30,null);
Insert into FACTURE (NUM_FACTURE,ID_CLIENT,DATE_FACTURATION,MONTANT_TOTAL,DATE_PAIEMENT) values (42,4,to_date('19-03-14','RR-MM-DD'),26,null);
Insert into FACTURE (NUM_FACTURE,ID_CLIENT,DATE_FACTURATION,MONTANT_TOTAL,DATE_PAIEMENT) values (43,5,to_date('19-03-14','RR-MM-DD'),6,to_date('19-03-14','RR-MM-DD'));
Insert into FACTURE (NUM_FACTURE,ID_CLIENT,DATE_FACTURATION,MONTANT_TOTAL,DATE_PAIEMENT) values (44,6,to_date('19-03-14','RR-MM-DD'),30,null);
Insert into FACTURE (NUM_FACTURE,ID_CLIENT,DATE_FACTURATION,MONTANT_TOTAL,DATE_PAIEMENT) values (45,7,to_date('19-03-14','RR-MM-DD'),27,to_date('19-03-14','RR-MM-DD'));
Insert into FACTURE (NUM_FACTURE,ID_CLIENT,DATE_FACTURATION,MONTANT_TOTAL,DATE_PAIEMENT) values (46,8,to_date('19-03-14','RR-MM-DD'),32,null);
Insert into FACTURE (NUM_FACTURE,ID_CLIENT,DATE_FACTURATION,MONTANT_TOTAL,DATE_PAIEMENT) values (47,9,to_date('19-03-14','RR-MM-DD'),24,null);
Insert into FACTURE (NUM_FACTURE,ID_CLIENT,DATE_FACTURATION,MONTANT_TOTAL,DATE_PAIEMENT) values (48,10,to_date('19-03-14','RR-MM-DD'),16,null);
Insert into FACTURE (NUM_FACTURE,ID_CLIENT,DATE_FACTURATION,MONTANT_TOTAL,DATE_PAIEMENT) values (49,11,to_date('19-03-14','RR-MM-DD'),25,null);
Insert into FACTURE (NUM_FACTURE,ID_CLIENT,DATE_FACTURATION,MONTANT_TOTAL,DATE_PAIEMENT) values (50,12,to_date('19-03-14','RR-MM-DD'),14,null);
Insert into FACTURE (NUM_FACTURE,ID_CLIENT,DATE_FACTURATION,MONTANT_TOTAL,DATE_PAIEMENT) values (51,13,to_date('19-03-14','RR-MM-DD'),4,null);
Insert into FACTURE (NUM_FACTURE,ID_CLIENT,DATE_FACTURATION,MONTANT_TOTAL,DATE_PAIEMENT) values (52,14,to_date('19-03-14','RR-MM-DD'),10,null);
Insert into FACTURE (NUM_FACTURE,ID_CLIENT,DATE_FACTURATION,MONTANT_TOTAL,DATE_PAIEMENT) values (53,15,to_date('19-03-14','RR-MM-DD'),39,null);
Insert into FACTURE (NUM_FACTURE,ID_CLIENT,DATE_FACTURATION,MONTANT_TOTAL,DATE_PAIEMENT) values (54,16,to_date('19-03-14','RR-MM-DD'),8,to_date('19-03-14','RR-MM-DD'));
Insert into FACTURE (NUM_FACTURE,ID_CLIENT,DATE_FACTURATION,MONTANT_TOTAL,DATE_PAIEMENT) values (55,17,to_date('19-03-14','RR-MM-DD'),16,null);
Insert into FACTURE (NUM_FACTURE,ID_CLIENT,DATE_FACTURATION,MONTANT_TOTAL,DATE_PAIEMENT) values (56,18,to_date('19-03-14','RR-MM-DD'),22,null);
Insert into FACTURE (NUM_FACTURE,ID_CLIENT,DATE_FACTURATION,MONTANT_TOTAL,DATE_PAIEMENT) values (57,19,to_date('19-03-14','RR-MM-DD'),25,to_date('19-03-14','RR-MM-DD'));
Insert into FACTURE (NUM_FACTURE,ID_CLIENT,DATE_FACTURATION,MONTANT_TOTAL,DATE_PAIEMENT) values (58,20,to_date('19-03-14','RR-MM-DD'),40,null);
Insert into FACTURE (NUM_FACTURE,ID_CLIENT,DATE_FACTURATION,MONTANT_TOTAL,DATE_PAIEMENT) values (59,21,to_date('19-03-14','RR-MM-DD'),16,null);
Insert into FACTURE (NUM_FACTURE,ID_CLIENT,DATE_FACTURATION,MONTANT_TOTAL,DATE_PAIEMENT) values (60,22,to_date('19-03-14','RR-MM-DD'),29,to_date('19-03-14','RR-MM-DD'));
Insert into FACTURE (NUM_FACTURE,ID_CLIENT,DATE_FACTURATION,MONTANT_TOTAL,DATE_PAIEMENT) values (61,23,to_date('19-03-14','RR-MM-DD'),11,null);
Insert into FACTURE (NUM_FACTURE,ID_CLIENT,DATE_FACTURATION,MONTANT_TOTAL,DATE_PAIEMENT) values (62,24,to_date('19-03-14','RR-MM-DD'),10,null);
Insert into FACTURE (NUM_FACTURE,ID_CLIENT,DATE_FACTURATION,MONTANT_TOTAL,DATE_PAIEMENT) values (63,25,to_date('19-03-14','RR-MM-DD'),39,to_date('19-03-14','RR-MM-DD'));
Insert into FACTURE (NUM_FACTURE,ID_CLIENT,DATE_FACTURATION,MONTANT_TOTAL,DATE_PAIEMENT) values (64,26,to_date('19-03-14','RR-MM-DD'),20,to_date('19-03-14','RR-MM-DD'));
Insert into FACTURE (NUM_FACTURE,ID_CLIENT,DATE_FACTURATION,MONTANT_TOTAL,DATE_PAIEMENT) values (65,27,to_date('19-03-14','RR-MM-DD'),13,null);
Insert into FACTURE (NUM_FACTURE,ID_CLIENT,DATE_FACTURATION,MONTANT_TOTAL,DATE_PAIEMENT) values (66,28,to_date('19-03-14','RR-MM-DD'),8,null);
Insert into FACTURE (NUM_FACTURE,ID_CLIENT,DATE_FACTURATION,MONTANT_TOTAL,DATE_PAIEMENT) values (67,29,to_date('19-03-14','RR-MM-DD'),19,to_date('19-03-14','RR-MM-DD'));
Insert into FACTURE (NUM_FACTURE,ID_CLIENT,DATE_FACTURATION,MONTANT_TOTAL,DATE_PAIEMENT) values (68,30,to_date('19-03-14','RR-MM-DD'),8,null);
Insert into FACTURE (NUM_FACTURE,ID_CLIENT,DATE_FACTURATION,MONTANT_TOTAL,DATE_PAIEMENT) values (69,31,to_date('19-03-14','RR-MM-DD'),23,to_date('19-03-14','RR-MM-DD'));
Insert into FACTURE (NUM_FACTURE,ID_CLIENT,DATE_FACTURATION,MONTANT_TOTAL,DATE_PAIEMENT) values (70,32,to_date('19-03-14','RR-MM-DD'),7,to_date('19-03-14','RR-MM-DD'));
Insert into FACTURE (NUM_FACTURE,ID_CLIENT,DATE_FACTURATION,MONTANT_TOTAL,DATE_PAIEMENT) values (71,33,to_date('19-03-14','RR-MM-DD'),19,to_date('19-03-14','RR-MM-DD'));
Insert into FACTURE (NUM_FACTURE,ID_CLIENT,DATE_FACTURATION,MONTANT_TOTAL,DATE_PAIEMENT) values (72,34,to_date('19-03-14','RR-MM-DD'),15,to_date('19-03-14','RR-MM-DD'));
Insert into FACTURE (NUM_FACTURE,ID_CLIENT,DATE_FACTURATION,MONTANT_TOTAL,DATE_PAIEMENT) values (73,35,to_date('19-03-14','RR-MM-DD'),15,null);
Insert into FACTURE (NUM_FACTURE,ID_CLIENT,DATE_FACTURATION,MONTANT_TOTAL,DATE_PAIEMENT) values (74,36,to_date('19-03-14','RR-MM-DD'),12,null);
Insert into FACTURE (NUM_FACTURE,ID_CLIENT,DATE_FACTURATION,MONTANT_TOTAL,DATE_PAIEMENT) values (75,37,to_date('19-03-14','RR-MM-DD'),21,to_date('19-03-14','RR-MM-DD'));
Insert into FACTURE (NUM_FACTURE,ID_CLIENT,DATE_FACTURATION,MONTANT_TOTAL,DATE_PAIEMENT) values (76,38,to_date('19-03-14','RR-MM-DD'),8,null);
Insert into FACTURE (NUM_FACTURE,ID_CLIENT,DATE_FACTURATION,MONTANT_TOTAL,DATE_PAIEMENT) values (77,39,to_date('19-03-14','RR-MM-DD'),23,null);
Insert into FACTURE (NUM_FACTURE,ID_CLIENT,DATE_FACTURATION,MONTANT_TOTAL,DATE_PAIEMENT) values (78,40,to_date('19-03-14','RR-MM-DD'),13,null);
Insert into FACTURE (NUM_FACTURE,ID_CLIENT,DATE_FACTURATION,MONTANT_TOTAL,DATE_PAIEMENT) values (79,41,to_date('19-03-14','RR-MM-DD'),12,null);
Insert into FACTURE (NUM_FACTURE,ID_CLIENT,DATE_FACTURATION,MONTANT_TOTAL,DATE_PAIEMENT) values (80,42,to_date('19-03-14','RR-MM-DD'),25,to_date('19-03-14','RR-MM-DD'));
Insert into FACTURE (NUM_FACTURE,ID_CLIENT,DATE_FACTURATION,MONTANT_TOTAL,DATE_PAIEMENT) values (81,43,to_date('19-03-14','RR-MM-DD'),20,null);
Insert into FACTURE (NUM_FACTURE,ID_CLIENT,DATE_FACTURATION,MONTANT_TOTAL,DATE_PAIEMENT) values (82,44,to_date('19-03-14','RR-MM-DD'),25,null);
Insert into FACTURE (NUM_FACTURE,ID_CLIENT,DATE_FACTURATION,MONTANT_TOTAL,DATE_PAIEMENT) values (83,45,to_date('19-03-14','RR-MM-DD'),14,to_date('19-03-14','RR-MM-DD'));
Insert into FACTURE (NUM_FACTURE,ID_CLIENT,DATE_FACTURATION,MONTANT_TOTAL,DATE_PAIEMENT) values (84,46,to_date('19-03-14','RR-MM-DD'),12,null);
Insert into FACTURE (NUM_FACTURE,ID_CLIENT,DATE_FACTURATION,MONTANT_TOTAL,DATE_PAIEMENT) values (85,47,to_date('19-03-14','RR-MM-DD'),24,to_date('19-03-14','RR-MM-DD'));
Insert into FACTURE (NUM_FACTURE,ID_CLIENT,DATE_FACTURATION,MONTANT_TOTAL,DATE_PAIEMENT) values (86,48,to_date('19-03-14','RR-MM-DD'),13,to_date('19-03-14','RR-MM-DD'));
Insert into FACTURE (NUM_FACTURE,ID_CLIENT,DATE_FACTURATION,MONTANT_TOTAL,DATE_PAIEMENT) values (87,49,to_date('19-03-14','RR-MM-DD'),17,to_date('19-03-14','RR-MM-DD'));
Insert into FACTURE (NUM_FACTURE,ID_CLIENT,DATE_FACTURATION,MONTANT_TOTAL,DATE_PAIEMENT) values (88,50,to_date('19-03-14','RR-MM-DD'),7,null);
Insert into FACTURE (NUM_FACTURE,ID_CLIENT,DATE_FACTURATION,MONTANT_TOTAL,DATE_PAIEMENT) values (89,1,to_date('19-03-14','RR-MM-DD'),10,to_date('19-03-14','RR-MM-DD'));
Insert into FACTURE (NUM_FACTURE,ID_CLIENT,DATE_FACTURATION,MONTANT_TOTAL,DATE_PAIEMENT) values (90,2,to_date('19-03-14','RR-MM-DD'),9,to_date('19-03-14','RR-MM-DD'));
Insert into FACTURE (NUM_FACTURE,ID_CLIENT,DATE_FACTURATION,MONTANT_TOTAL,DATE_PAIEMENT) values (91,3,to_date('19-03-14','RR-MM-DD'),14,to_date('19-03-14','RR-MM-DD'));
Insert into FACTURE (NUM_FACTURE,ID_CLIENT,DATE_FACTURATION,MONTANT_TOTAL,DATE_PAIEMENT) values (92,4,to_date('19-03-14','RR-MM-DD'),8,null);
Insert into FACTURE (NUM_FACTURE,ID_CLIENT,DATE_FACTURATION,MONTANT_TOTAL,DATE_PAIEMENT) values (93,5,to_date('19-03-14','RR-MM-DD'),20,null);
Insert into FACTURE (NUM_FACTURE,ID_CLIENT,DATE_FACTURATION,MONTANT_TOTAL,DATE_PAIEMENT) values (94,6,to_date('19-03-14','RR-MM-DD'),8,to_date('19-03-14','RR-MM-DD'));
Insert into FACTURE (NUM_FACTURE,ID_CLIENT,DATE_FACTURATION,MONTANT_TOTAL,DATE_PAIEMENT) values (95,7,to_date('19-03-14','RR-MM-DD'),3,null);
Insert into FACTURE (NUM_FACTURE,ID_CLIENT,DATE_FACTURATION,MONTANT_TOTAL,DATE_PAIEMENT) values (96,8,to_date('19-03-14','RR-MM-DD'),25,null);
Insert into FACTURE (NUM_FACTURE,ID_CLIENT,DATE_FACTURATION,MONTANT_TOTAL,DATE_PAIEMENT) values (97,9,to_date('19-03-14','RR-MM-DD'),7,null);
Insert into FACTURE (NUM_FACTURE,ID_CLIENT,DATE_FACTURATION,MONTANT_TOTAL,DATE_PAIEMENT) values (98,10,to_date('19-03-14','RR-MM-DD'),11,null);
Insert into FACTURE (NUM_FACTURE,ID_CLIENT,DATE_FACTURATION,MONTANT_TOTAL,DATE_PAIEMENT) values (99,11,to_date('19-03-14','RR-MM-DD'),7,null);
Insert into FACTURE (NUM_FACTURE,ID_CLIENT,DATE_FACTURATION,MONTANT_TOTAL,DATE_PAIEMENT) values (100,12,to_date('19-03-14','RR-MM-DD'),10,null);
Insert into FACTURE (NUM_FACTURE,ID_CLIENT,DATE_FACTURATION,MONTANT_TOTAL,DATE_PAIEMENT) values (101,13,to_date('19-03-14','RR-MM-DD'),8,null);
Insert into FACTURE (NUM_FACTURE,ID_CLIENT,DATE_FACTURATION,MONTANT_TOTAL,DATE_PAIEMENT) values (102,16,to_date('19-03-14','RR-MM-DD'),6,null);
Insert into FACTURE (NUM_FACTURE,ID_CLIENT,DATE_FACTURATION,MONTANT_TOTAL,DATE_PAIEMENT) values (103,17,to_date('19-03-14','RR-MM-DD'),11,null);
Insert into FACTURE (NUM_FACTURE,ID_CLIENT,DATE_FACTURATION,MONTANT_TOTAL,DATE_PAIEMENT) values (104,18,to_date('19-03-14','RR-MM-DD'),21,null);
Insert into FACTURE (NUM_FACTURE,ID_CLIENT,DATE_FACTURATION,MONTANT_TOTAL,DATE_PAIEMENT) values (105,19,to_date('19-03-14','RR-MM-DD'),19,null);
Insert into FACTURE (NUM_FACTURE,ID_CLIENT,DATE_FACTURATION,MONTANT_TOTAL,DATE_PAIEMENT) values (106,20,to_date('19-03-14','RR-MM-DD'),16,to_date('19-03-14','RR-MM-DD'));
Insert into FACTURE (NUM_FACTURE,ID_CLIENT,DATE_FACTURATION,MONTANT_TOTAL,DATE_PAIEMENT) values (107,21,to_date('19-03-14','RR-MM-DD'),20,null);
Insert into FACTURE (NUM_FACTURE,ID_CLIENT,DATE_FACTURATION,MONTANT_TOTAL,DATE_PAIEMENT) values (108,22,to_date('19-03-14','RR-MM-DD'),18,null);
Insert into FACTURE (NUM_FACTURE,ID_CLIENT,DATE_FACTURATION,MONTANT_TOTAL,DATE_PAIEMENT) values (109,23,to_date('19-03-14','RR-MM-DD'),13,null);
Insert into FACTURE (NUM_FACTURE,ID_CLIENT,DATE_FACTURATION,MONTANT_TOTAL,DATE_PAIEMENT) values (110,24,to_date('19-03-14','RR-MM-DD'),10,null);
Insert into FACTURE (NUM_FACTURE,ID_CLIENT,DATE_FACTURATION,MONTANT_TOTAL,DATE_PAIEMENT) values (111,25,to_date('19-03-14','RR-MM-DD'),24,null);
Insert into FACTURE (NUM_FACTURE,ID_CLIENT,DATE_FACTURATION,MONTANT_TOTAL,DATE_PAIEMENT) values (112,26,to_date('19-03-14','RR-MM-DD'),5,to_date('19-03-14','RR-MM-DD'));
Insert into FACTURE (NUM_FACTURE,ID_CLIENT,DATE_FACTURATION,MONTANT_TOTAL,DATE_PAIEMENT) values (113,27,to_date('19-03-14','RR-MM-DD'),9,null);
Insert into FACTURE (NUM_FACTURE,ID_CLIENT,DATE_FACTURATION,MONTANT_TOTAL,DATE_PAIEMENT) values (114,28,to_date('19-03-14','RR-MM-DD'),15,null);
Insert into FACTURE (NUM_FACTURE,ID_CLIENT,DATE_FACTURATION,MONTANT_TOTAL,DATE_PAIEMENT) values (115,29,to_date('19-03-14','RR-MM-DD'),8,null);
Insert into FACTURE (NUM_FACTURE,ID_CLIENT,DATE_FACTURATION,MONTANT_TOTAL,DATE_PAIEMENT) values (116,30,to_date('19-03-14','RR-MM-DD'),7,to_date('19-03-14','RR-MM-DD'));
Insert into FACTURE (NUM_FACTURE,ID_CLIENT,DATE_FACTURATION,MONTANT_TOTAL,DATE_PAIEMENT) values (117,31,to_date('19-03-14','RR-MM-DD'),10,null);
Insert into FACTURE (NUM_FACTURE,ID_CLIENT,DATE_FACTURATION,MONTANT_TOTAL,DATE_PAIEMENT) values (118,32,to_date('19-03-14','RR-MM-DD'),6,to_date('19-03-14','RR-MM-DD'));
Insert into FACTURE (NUM_FACTURE,ID_CLIENT,DATE_FACTURATION,MONTANT_TOTAL,DATE_PAIEMENT) values (119,33,to_date('19-03-14','RR-MM-DD'),16,null);
Insert into FACTURE (NUM_FACTURE,ID_CLIENT,DATE_FACTURATION,MONTANT_TOTAL,DATE_PAIEMENT) values (120,34,to_date('19-03-14','RR-MM-DD'),12,null);
Insert into FACTURE (NUM_FACTURE,ID_CLIENT,DATE_FACTURATION,MONTANT_TOTAL,DATE_PAIEMENT) values (121,35,to_date('19-03-14','RR-MM-DD'),21,to_date('19-03-14','RR-MM-DD'));
Insert into FACTURE (NUM_FACTURE,ID_CLIENT,DATE_FACTURATION,MONTANT_TOTAL,DATE_PAIEMENT) values (122,36,to_date('19-03-14','RR-MM-DD'),6,to_date('19-03-14','RR-MM-DD'));
Insert into FACTURE (NUM_FACTURE,ID_CLIENT,DATE_FACTURATION,MONTANT_TOTAL,DATE_PAIEMENT) values (123,37,to_date('19-03-14','RR-MM-DD'),7,null);
Insert into FACTURE (NUM_FACTURE,ID_CLIENT,DATE_FACTURATION,MONTANT_TOTAL,DATE_PAIEMENT) values (124,38,to_date('19-03-14','RR-MM-DD'),12,to_date('19-03-14','RR-MM-DD'));
Insert into FACTURE (NUM_FACTURE,ID_CLIENT,DATE_FACTURATION,MONTANT_TOTAL,DATE_PAIEMENT) values (125,39,to_date('19-03-14','RR-MM-DD'),21,null);
Insert into FACTURE (NUM_FACTURE,ID_CLIENT,DATE_FACTURATION,MONTANT_TOTAL,DATE_PAIEMENT) values (126,40,to_date('19-03-14','RR-MM-DD'),13,to_date('19-03-14','RR-MM-DD'));
Insert into FACTURE (NUM_FACTURE,ID_CLIENT,DATE_FACTURATION,MONTANT_TOTAL,DATE_PAIEMENT) values (127,41,to_date('19-03-14','RR-MM-DD'),18,null);
Insert into FACTURE (NUM_FACTURE,ID_CLIENT,DATE_FACTURATION,MONTANT_TOTAL,DATE_PAIEMENT) values (128,42,to_date('19-03-14','RR-MM-DD'),26,null);
Insert into FACTURE (NUM_FACTURE,ID_CLIENT,DATE_FACTURATION,MONTANT_TOTAL,DATE_PAIEMENT) values (129,43,to_date('19-03-14','RR-MM-DD'),13,to_date('19-03-14','RR-MM-DD'));
Insert into FACTURE (NUM_FACTURE,ID_CLIENT,DATE_FACTURATION,MONTANT_TOTAL,DATE_PAIEMENT) values (130,44,to_date('19-03-14','RR-MM-DD'),25,to_date('19-03-14','RR-MM-DD'));
Insert into FACTURE (NUM_FACTURE,ID_CLIENT,DATE_FACTURATION,MONTANT_TOTAL,DATE_PAIEMENT) values (131,46,to_date('19-03-14','RR-MM-DD'),6,null);
Insert into FACTURE (NUM_FACTURE,ID_CLIENT,DATE_FACTURATION,MONTANT_TOTAL,DATE_PAIEMENT) values (132,47,to_date('19-03-14','RR-MM-DD'),7,null);
Insert into FACTURE (NUM_FACTURE,ID_CLIENT,DATE_FACTURATION,MONTANT_TOTAL,DATE_PAIEMENT) values (133,48,to_date('19-03-14','RR-MM-DD'),23,null);
Insert into FACTURE (NUM_FACTURE,ID_CLIENT,DATE_FACTURATION,MONTANT_TOTAL,DATE_PAIEMENT) values (134,49,to_date('19-03-14','RR-MM-DD'),15,to_date('19-03-14','RR-MM-DD'));
Insert into FACTURE (NUM_FACTURE,ID_CLIENT,DATE_FACTURATION,MONTANT_TOTAL,DATE_PAIEMENT) values (135,50,to_date('19-03-14','RR-MM-DD'),7,null);

-- Location
/*
-- Script utilisé pour la génération des locations
DECLARE
    id_film  FILM.imdb_id%TYPE;
BEGIN
    FOR i IN 1..400
    LOOP
        SELECT imdb_id
        INTO id_film
        FROM   (
            SELECT imdb_id
            FROM   Film
            ORDER BY DBMS_RANDOM.VALUE)
        WHERE  rownum < 2;
        
        --DBMS_OUTPUT.PUT_LINE('(''' || id_film || ''', ''' || TO_CHAR(TO_DATE(TRUNC(DBMS_RANDOM.VALUE(2451911,2458120)),'J')) || ''',' || ROUND(DBMS_RANDOM.value(1, 51)) || ')');
        INSERT INTO Location (imdb_id, date_location, id_client)
            VALUES(id_film, TO_DATE(TRUNC(DBMS_RANDOM.VALUE(2451911,2458120)),'J'), ROUND(DBMS_RANDOM.value(1, 50)) ); 
    END LOOP;
END;
/
*/

Insert into LOCATION (ID_LOCATION,IMDB_ID,DATE_LOCATION,ID_CLIENT,NUM_FACTURE) values (1,'tt0432283',to_date('12-10-22','RR-MM-DD'),42,33);
Insert into LOCATION (ID_LOCATION,IMDB_ID,DATE_LOCATION,ID_CLIENT,NUM_FACTURE) values (2,'tt1013753',to_date('01-08-22','RR-MM-DD'),3,2);
Insert into LOCATION (ID_LOCATION,IMDB_ID,DATE_LOCATION,ID_CLIENT,NUM_FACTURE) values (3,'tt0388789',to_date('01-10-16','RR-MM-DD'),45,35);
Insert into LOCATION (ID_LOCATION,IMDB_ID,DATE_LOCATION,ID_CLIENT,NUM_FACTURE) values (4,'tt0805564',to_date('08-10-20','RR-MM-DD'),27,21);
Insert into LOCATION (ID_LOCATION,IMDB_ID,DATE_LOCATION,ID_CLIENT,NUM_FACTURE) values (5,'tt0810784',to_date('04-02-25','RR-MM-DD'),24,18);
Insert into LOCATION (ID_LOCATION,IMDB_ID,DATE_LOCATION,ID_CLIENT,NUM_FACTURE) values (6,'tt0859595',to_date('06-01-28','RR-MM-DD'),6,5);
Insert into LOCATION (ID_LOCATION,IMDB_ID,DATE_LOCATION,ID_CLIENT,NUM_FACTURE) values (7,'tt0327597',to_date('03-08-09','RR-MM-DD'),33,24);
Insert into LOCATION (ID_LOCATION,IMDB_ID,DATE_LOCATION,ID_CLIENT,NUM_FACTURE) values (8,'tt0301199',to_date('09-02-23','RR-MM-DD'),15,12);
Insert into LOCATION (ID_LOCATION,IMDB_ID,DATE_LOCATION,ID_CLIENT,NUM_FACTURE) values (9,'tt0824758',to_date('09-06-18','RR-MM-DD'),49,38);
Insert into LOCATION (ID_LOCATION,IMDB_ID,DATE_LOCATION,ID_CLIENT,NUM_FACTURE) values (10,'tt1436562',to_date('08-04-14','RR-MM-DD'),39,30);
Insert into LOCATION (ID_LOCATION,IMDB_ID,DATE_LOCATION,ID_CLIENT,NUM_FACTURE) values (11,'tt1206488',to_date('13-03-14','RR-MM-DD'),36,27);
Insert into LOCATION (ID_LOCATION,IMDB_ID,DATE_LOCATION,ID_CLIENT,NUM_FACTURE) values (12,'tt0926084',to_date('06-11-25','RR-MM-DD'),14,11);
Insert into LOCATION (ID_LOCATION,IMDB_ID,DATE_LOCATION,ID_CLIENT,NUM_FACTURE) values (13,'tt0433383',to_date('03-08-19','RR-MM-DD'),4,3);
Insert into LOCATION (ID_LOCATION,IMDB_ID,DATE_LOCATION,ID_CLIENT,NUM_FACTURE) values (14,'tt0335345',to_date('01-06-07','RR-MM-DD'),11,8);
Insert into LOCATION (ID_LOCATION,IMDB_ID,DATE_LOCATION,ID_CLIENT,NUM_FACTURE) values (15,'tt0449088',to_date('03-09-24','RR-MM-DD'),2,1);
Insert into LOCATION (ID_LOCATION,IMDB_ID,DATE_LOCATION,ID_CLIENT,NUM_FACTURE) values (16,'tt0408306',to_date('11-10-22','RR-MM-DD'),36,27);
Insert into LOCATION (ID_LOCATION,IMDB_ID,DATE_LOCATION,ID_CLIENT,NUM_FACTURE) values (17,'tt0824758',to_date('17-10-01','RR-MM-DD'),37,28);
Insert into LOCATION (ID_LOCATION,IMDB_ID,DATE_LOCATION,ID_CLIENT,NUM_FACTURE) values (18,'tt0443489',to_date('13-12-18','RR-MM-DD'),45,35);
Insert into LOCATION (ID_LOCATION,IMDB_ID,DATE_LOCATION,ID_CLIENT,NUM_FACTURE) values (19,'tt0455590',to_date('02-06-22','RR-MM-DD'),19,14);
Insert into LOCATION (ID_LOCATION,IMDB_ID,DATE_LOCATION,ID_CLIENT,NUM_FACTURE) values (20,'tt0343818',to_date('13-10-05','RR-MM-DD'),46,36);
Insert into LOCATION (ID_LOCATION,IMDB_ID,DATE_LOCATION,ID_CLIENT,NUM_FACTURE) values (21,'tt0765443',to_date('11-06-14','RR-MM-DD'),15,12);
Insert into LOCATION (ID_LOCATION,IMDB_ID,DATE_LOCATION,ID_CLIENT,NUM_FACTURE) values (22,'tt1490017',to_date('13-06-08','RR-MM-DD'),45,35);
Insert into LOCATION (ID_LOCATION,IMDB_ID,DATE_LOCATION,ID_CLIENT,NUM_FACTURE) values (23,'tt1206488',to_date('07-01-28','RR-MM-DD'),3,2);
Insert into LOCATION (ID_LOCATION,IMDB_ID,DATE_LOCATION,ID_CLIENT,NUM_FACTURE) values (24,'tt0298203',to_date('02-01-24','RR-MM-DD'),42,33);
Insert into LOCATION (ID_LOCATION,IMDB_ID,DATE_LOCATION,ID_CLIENT,NUM_FACTURE) values (25,'tt1355644',to_date('13-05-06','RR-MM-DD'),41,32);
Insert into LOCATION (ID_LOCATION,IMDB_ID,DATE_LOCATION,ID_CLIENT,NUM_FACTURE) values (26,'tt0253474',to_date('08-08-02','RR-MM-DD'),12,9);
Insert into LOCATION (ID_LOCATION,IMDB_ID,DATE_LOCATION,ID_CLIENT,NUM_FACTURE) values (27,'tt0929632',to_date('02-12-05','RR-MM-DD'),12,9);
Insert into LOCATION (ID_LOCATION,IMDB_ID,DATE_LOCATION,ID_CLIENT,NUM_FACTURE) values (28,'tt0907657',to_date('04-10-10','RR-MM-DD'),40,31);
Insert into LOCATION (ID_LOCATION,IMDB_ID,DATE_LOCATION,ID_CLIENT,NUM_FACTURE) values (29,'tt0335266',to_date('06-05-25','RR-MM-DD'),38,29);
Insert into LOCATION (ID_LOCATION,IMDB_ID,DATE_LOCATION,ID_CLIENT,NUM_FACTURE) values (30,'tt0245429',to_date('12-10-07','RR-MM-DD'),26,20);
Insert into LOCATION (ID_LOCATION,IMDB_ID,DATE_LOCATION,ID_CLIENT,NUM_FACTURE) values (31,'tt1201607',to_date('02-03-30','RR-MM-DD'),21,16);
Insert into LOCATION (ID_LOCATION,IMDB_ID,DATE_LOCATION,ID_CLIENT,NUM_FACTURE) values (32,'tt0399146',to_date('07-01-09','RR-MM-DD'),11,8);
Insert into LOCATION (ID_LOCATION,IMDB_ID,DATE_LOCATION,ID_CLIENT,NUM_FACTURE) values (33,'tt0338309',to_date('10-11-15','RR-MM-DD'),10,7);
Insert into LOCATION (ID_LOCATION,IMDB_ID,DATE_LOCATION,ID_CLIENT,NUM_FACTURE) values (34,'tt0390221',to_date('12-10-10','RR-MM-DD'),37,28);
Insert into LOCATION (ID_LOCATION,IMDB_ID,DATE_LOCATION,ID_CLIENT,NUM_FACTURE) values (35,'tt1521197',to_date('13-01-09','RR-MM-DD'),43,34);
Insert into LOCATION (ID_LOCATION,IMDB_ID,DATE_LOCATION,ID_CLIENT,NUM_FACTURE) values (36,'tt0264464',to_date('11-03-03','RR-MM-DD'),16,13);
Insert into LOCATION (ID_LOCATION,IMDB_ID,DATE_LOCATION,ID_CLIENT,NUM_FACTURE) values (37,'tt0407887',to_date('01-03-11','RR-MM-DD'),13,10);
Insert into LOCATION (ID_LOCATION,IMDB_ID,DATE_LOCATION,ID_CLIENT,NUM_FACTURE) values (38,'tt0780536',to_date('01-01-19','RR-MM-DD'),25,19);
Insert into LOCATION (ID_LOCATION,IMDB_ID,DATE_LOCATION,ID_CLIENT,NUM_FACTURE) values (39,'tt0402399',to_date('10-08-18','RR-MM-DD'),42,33);
Insert into LOCATION (ID_LOCATION,IMDB_ID,DATE_LOCATION,ID_CLIENT,NUM_FACTURE) values (40,'tt1074638',to_date('10-01-05','RR-MM-DD'),10,7);
Insert into LOCATION (ID_LOCATION,IMDB_ID,DATE_LOCATION,ID_CLIENT,NUM_FACTURE) values (41,'tt0427617',to_date('15-05-01','RR-MM-DD'),45,35);
Insert into LOCATION (ID_LOCATION,IMDB_ID,DATE_LOCATION,ID_CLIENT,NUM_FACTURE) values (42,'tt0325710',to_date('07-04-16','RR-MM-DD'),37,28);
Insert into LOCATION (ID_LOCATION,IMDB_ID,DATE_LOCATION,ID_CLIENT,NUM_FACTURE) values (43,'tt0824758',to_date('03-09-16','RR-MM-DD'),42,33);
Insert into LOCATION (ID_LOCATION,IMDB_ID,DATE_LOCATION,ID_CLIENT,NUM_FACTURE) values (44,'tt0298203',to_date('14-02-17','RR-MM-DD'),39,30);
Insert into LOCATION (ID_LOCATION,IMDB_ID,DATE_LOCATION,ID_CLIENT,NUM_FACTURE) values (45,'tt0810784',to_date('11-08-23','RR-MM-DD'),48,37);
Insert into LOCATION (ID_LOCATION,IMDB_ID,DATE_LOCATION,ID_CLIENT,NUM_FACTURE) values (46,'tt0145487',to_date('12-12-31','RR-MM-DD'),35,26);
Insert into LOCATION (ID_LOCATION,IMDB_ID,DATE_LOCATION,ID_CLIENT,NUM_FACTURE) values (47,'tt0465551',to_date('15-09-29','RR-MM-DD'),20,15);
Insert into LOCATION (ID_LOCATION,IMDB_ID,DATE_LOCATION,ID_CLIENT,NUM_FACTURE) values (48,'tt0311113',to_date('10-03-04','RR-MM-DD'),10,7);
Insert into LOCATION (ID_LOCATION,IMDB_ID,DATE_LOCATION,ID_CLIENT,NUM_FACTURE) values (49,'tt0493464',to_date('11-09-07','RR-MM-DD'),26,20);
Insert into LOCATION (ID_LOCATION,IMDB_ID,DATE_LOCATION,ID_CLIENT,NUM_FACTURE) values (50,'tt1276419',to_date('11-10-13','RR-MM-DD'),19,14);
Insert into LOCATION (ID_LOCATION,IMDB_ID,DATE_LOCATION,ID_CLIENT,NUM_FACTURE) values (51,'tt1212419',to_date('04-04-22','RR-MM-DD'),29,23);
Insert into LOCATION (ID_LOCATION,IMDB_ID,DATE_LOCATION,ID_CLIENT,NUM_FACTURE) values (52,'tt0409182',to_date('09-08-14','RR-MM-DD'),26,20);
Insert into LOCATION (ID_LOCATION,IMDB_ID,DATE_LOCATION,ID_CLIENT,NUM_FACTURE) values (53,'tt0293508',to_date('16-11-03','RR-MM-DD'),10,7);
Insert into LOCATION (ID_LOCATION,IMDB_ID,DATE_LOCATION,ID_CLIENT,NUM_FACTURE) values (54,'tt1403865',to_date('01-05-23','RR-MM-DD'),26,20);
Insert into LOCATION (ID_LOCATION,IMDB_ID,DATE_LOCATION,ID_CLIENT,NUM_FACTURE) values (55,'tt0477348',to_date('13-03-08','RR-MM-DD'),27,21);
Insert into LOCATION (ID_LOCATION,IMDB_ID,DATE_LOCATION,ID_CLIENT,NUM_FACTURE) values (56,'tt0258068',to_date('07-10-26','RR-MM-DD'),38,29);
Insert into LOCATION (ID_LOCATION,IMDB_ID,DATE_LOCATION,ID_CLIENT,NUM_FACTURE) values (57,'tt0312004',to_date('17-10-04','RR-MM-DD'),11,8);
Insert into LOCATION (ID_LOCATION,IMDB_ID,DATE_LOCATION,ID_CLIENT,NUM_FACTURE) values (58,'tt0348150',to_date('15-02-22','RR-MM-DD'),37,28);
Insert into LOCATION (ID_LOCATION,IMDB_ID,DATE_LOCATION,ID_CLIENT,NUM_FACTURE) values (59,'tt0765443',to_date('09-01-31','RR-MM-DD'),34,25);
Insert into LOCATION (ID_LOCATION,IMDB_ID,DATE_LOCATION,ID_CLIENT,NUM_FACTURE) values (60,'tt0293508',to_date('17-10-29','RR-MM-DD'),28,22);
Insert into LOCATION (ID_LOCATION,IMDB_ID,DATE_LOCATION,ID_CLIENT,NUM_FACTURE) values (61,'tt0426931',to_date('12-01-01','RR-MM-DD'),48,37);
Insert into LOCATION (ID_LOCATION,IMDB_ID,DATE_LOCATION,ID_CLIENT,NUM_FACTURE) values (62,'tt1490017',to_date('09-02-22','RR-MM-DD'),41,32);
Insert into LOCATION (ID_LOCATION,IMDB_ID,DATE_LOCATION,ID_CLIENT,NUM_FACTURE) values (63,'tt1313092',to_date('01-06-02','RR-MM-DD'),11,8);
Insert into LOCATION (ID_LOCATION,IMDB_ID,DATE_LOCATION,ID_CLIENT,NUM_FACTURE) values (64,'tt0266543',to_date('03-02-17','RR-MM-DD'),5,4);
Insert into LOCATION (ID_LOCATION,IMDB_ID,DATE_LOCATION,ID_CLIENT,NUM_FACTURE) values (65,'tt0854678',to_date('14-05-12','RR-MM-DD'),22,17);
Insert into LOCATION (ID_LOCATION,IMDB_ID,DATE_LOCATION,ID_CLIENT,NUM_FACTURE) values (66,'tt0167261',to_date('17-02-01','RR-MM-DD'),27,21);
Insert into LOCATION (ID_LOCATION,IMDB_ID,DATE_LOCATION,ID_CLIENT,NUM_FACTURE) values (67,'tt0268380',to_date('12-08-19','RR-MM-DD'),8,6);
Insert into LOCATION (ID_LOCATION,IMDB_ID,DATE_LOCATION,ID_CLIENT,NUM_FACTURE) values (68,'tt0245429',to_date('07-07-24','RR-MM-DD'),16,13);
Insert into LOCATION (ID_LOCATION,IMDB_ID,DATE_LOCATION,ID_CLIENT,NUM_FACTURE) values (69,'tt0317705',to_date('15-11-13','RR-MM-DD'),46,36);
Insert into LOCATION (ID_LOCATION,IMDB_ID,DATE_LOCATION,ID_CLIENT,NUM_FACTURE) values (70,'tt1263670',to_date('14-07-05','RR-MM-DD'),41,32);
Insert into LOCATION (ID_LOCATION,IMDB_ID,DATE_LOCATION,ID_CLIENT,NUM_FACTURE) values (71,'tt0296874',to_date('04-06-12','RR-MM-DD'),7,45);
Insert into LOCATION (ID_LOCATION,IMDB_ID,DATE_LOCATION,ID_CLIENT,NUM_FACTURE) values (72,'tt1322269',to_date('13-12-14','RR-MM-DD'),3,41);
Insert into LOCATION (ID_LOCATION,IMDB_ID,DATE_LOCATION,ID_CLIENT,NUM_FACTURE) values (73,'tt0390221',to_date('07-05-02','RR-MM-DD'),21,59);
Insert into LOCATION (ID_LOCATION,IMDB_ID,DATE_LOCATION,ID_CLIENT,NUM_FACTURE) values (74,'tt1201607',to_date('08-12-03','RR-MM-DD'),7,45);
Insert into LOCATION (ID_LOCATION,IMDB_ID,DATE_LOCATION,ID_CLIENT,NUM_FACTURE) values (75,'tt1065073',to_date('14-08-12','RR-MM-DD'),32,70);
Insert into LOCATION (ID_LOCATION,IMDB_ID,DATE_LOCATION,ID_CLIENT,NUM_FACTURE) values (76,'tt0433383',to_date('14-02-12','RR-MM-DD'),4,42);
Insert into LOCATION (ID_LOCATION,IMDB_ID,DATE_LOCATION,ID_CLIENT,NUM_FACTURE) values (77,'tt1135503',to_date('01-03-04','RR-MM-DD'),31,69);
Insert into LOCATION (ID_LOCATION,IMDB_ID,DATE_LOCATION,ID_CLIENT,NUM_FACTURE) values (78,'tt0145487',to_date('10-12-24','RR-MM-DD'),25,63);
Insert into LOCATION (ID_LOCATION,IMDB_ID,DATE_LOCATION,ID_CLIENT,NUM_FACTURE) values (79,'tt1403865',to_date('10-06-01','RR-MM-DD'),39,77);
Insert into LOCATION (ID_LOCATION,IMDB_ID,DATE_LOCATION,ID_CLIENT,NUM_FACTURE) values (80,'tt0167261',to_date('14-08-18','RR-MM-DD'),34,72);
Insert into LOCATION (ID_LOCATION,IMDB_ID,DATE_LOCATION,ID_CLIENT,NUM_FACTURE) values (81,'tt0864761',to_date('07-03-15','RR-MM-DD'),30,68);
Insert into LOCATION (ID_LOCATION,IMDB_ID,DATE_LOCATION,ID_CLIENT,NUM_FACTURE) values (82,'tt1490017',to_date('08-11-06','RR-MM-DD'),21,59);
Insert into LOCATION (ID_LOCATION,IMDB_ID,DATE_LOCATION,ID_CLIENT,NUM_FACTURE) values (83,'tt0258068',to_date('09-01-06','RR-MM-DD'),2,40);
Insert into LOCATION (ID_LOCATION,IMDB_ID,DATE_LOCATION,ID_CLIENT,NUM_FACTURE) values (84,'tt0243133',to_date('17-10-11','RR-MM-DD'),37,75);
Insert into LOCATION (ID_LOCATION,IMDB_ID,DATE_LOCATION,ID_CLIENT,NUM_FACTURE) values (85,'tt0903624',to_date('09-08-03','RR-MM-DD'),28,66);
Insert into LOCATION (ID_LOCATION,IMDB_ID,DATE_LOCATION,ID_CLIENT,NUM_FACTURE) values (86,'tt0245429',to_date('05-03-01','RR-MM-DD'),2,40);
Insert into LOCATION (ID_LOCATION,IMDB_ID,DATE_LOCATION,ID_CLIENT,NUM_FACTURE) values (87,'tt1274300',to_date('08-12-10','RR-MM-DD'),5,43);
Insert into LOCATION (ID_LOCATION,IMDB_ID,DATE_LOCATION,ID_CLIENT,NUM_FACTURE) values (88,'tt0892769',to_date('01-07-08','RR-MM-DD'),29,67);
Insert into LOCATION (ID_LOCATION,IMDB_ID,DATE_LOCATION,ID_CLIENT,NUM_FACTURE) values (89,'tt0139654',to_date('09-09-26','RR-MM-DD'),19,57);
Insert into LOCATION (ID_LOCATION,IMDB_ID,DATE_LOCATION,ID_CLIENT,NUM_FACTURE) values (90,'tt1360068',to_date('17-04-29','RR-MM-DD'),48,86);
Insert into LOCATION (ID_LOCATION,IMDB_ID,DATE_LOCATION,ID_CLIENT,NUM_FACTURE) values (91,'tt1431181',to_date('07-08-28','RR-MM-DD'),50,88);
Insert into LOCATION (ID_LOCATION,IMDB_ID,DATE_LOCATION,ID_CLIENT,NUM_FACTURE) values (92,'tt0426931',to_date('01-01-31','RR-MM-DD'),34,72);
Insert into LOCATION (ID_LOCATION,IMDB_ID,DATE_LOCATION,ID_CLIENT,NUM_FACTURE) values (93,'tt0243133',to_date('02-06-03','RR-MM-DD'),17,55);
Insert into LOCATION (ID_LOCATION,IMDB_ID,DATE_LOCATION,ID_CLIENT,NUM_FACTURE) values (94,'tt0780521',to_date('03-10-05','RR-MM-DD'),31,69);
Insert into LOCATION (ID_LOCATION,IMDB_ID,DATE_LOCATION,ID_CLIENT,NUM_FACTURE) values (95,'tt0258068',to_date('07-11-02','RR-MM-DD'),18,56);
Insert into LOCATION (ID_LOCATION,IMDB_ID,DATE_LOCATION,ID_CLIENT,NUM_FACTURE) values (96,'tt1074638',to_date('07-06-19','RR-MM-DD'),6,44);
Insert into LOCATION (ID_LOCATION,IMDB_ID,DATE_LOCATION,ID_CLIENT,NUM_FACTURE) values (97,'tt1318514',to_date('02-05-18','RR-MM-DD'),11,49);
Insert into LOCATION (ID_LOCATION,IMDB_ID,DATE_LOCATION,ID_CLIENT,NUM_FACTURE) values (98,'tt0243155',to_date('14-11-26','RR-MM-DD'),10,48);
Insert into LOCATION (ID_LOCATION,IMDB_ID,DATE_LOCATION,ID_CLIENT,NUM_FACTURE) values (99,'tt0407887',to_date('17-08-08','RR-MM-DD'),11,49);
Insert into LOCATION (ID_LOCATION,IMDB_ID,DATE_LOCATION,ID_CLIENT,NUM_FACTURE) values (100,'tt1360068',to_date('03-03-20','RR-MM-DD'),30,68);
Insert into LOCATION (ID_LOCATION,IMDB_ID,DATE_LOCATION,ID_CLIENT,NUM_FACTURE) values (101,'tt0120737',to_date('11-05-15','RR-MM-DD'),15,53);
Insert into LOCATION (ID_LOCATION,IMDB_ID,DATE_LOCATION,ID_CLIENT,NUM_FACTURE) values (102,'tt1135503',to_date('13-05-07','RR-MM-DD'),40,78);
Insert into LOCATION (ID_LOCATION,IMDB_ID,DATE_LOCATION,ID_CLIENT,NUM_FACTURE) values (103,'tt0257044',to_date('01-04-27','RR-MM-DD'),34,72);
Insert into LOCATION (ID_LOCATION,IMDB_ID,DATE_LOCATION,ID_CLIENT,NUM_FACTURE) values (104,'tt0327597',to_date('01-03-14','RR-MM-DD'),36,74);
Insert into LOCATION (ID_LOCATION,IMDB_ID,DATE_LOCATION,ID_CLIENT,NUM_FACTURE) values (105,'tt0398286',to_date('06-06-13','RR-MM-DD'),4,42);
Insert into LOCATION (ID_LOCATION,IMDB_ID,DATE_LOCATION,ID_CLIENT,NUM_FACTURE) values (106,'tt0372784',to_date('03-08-05','RR-MM-DD'),12,50);
Insert into LOCATION (ID_LOCATION,IMDB_ID,DATE_LOCATION,ID_CLIENT,NUM_FACTURE) values (107,'tt0465551',to_date('11-05-07','RR-MM-DD'),47,85);
Insert into LOCATION (ID_LOCATION,IMDB_ID,DATE_LOCATION,ID_CLIENT,NUM_FACTURE) values (108,'tt0159365',to_date('02-07-11','RR-MM-DD'),42,80);
Insert into LOCATION (ID_LOCATION,IMDB_ID,DATE_LOCATION,ID_CLIENT,NUM_FACTURE) values (109,'tt0824758',to_date('16-08-17','RR-MM-DD'),27,65);
Insert into LOCATION (ID_LOCATION,IMDB_ID,DATE_LOCATION,ID_CLIENT,NUM_FACTURE) values (110,'tt0450188',to_date('15-10-29','RR-MM-DD'),4,42);
Insert into LOCATION (ID_LOCATION,IMDB_ID,DATE_LOCATION,ID_CLIENT,NUM_FACTURE) values (111,'tt0433383',to_date('12-08-11','RR-MM-DD'),15,53);
Insert into LOCATION (ID_LOCATION,IMDB_ID,DATE_LOCATION,ID_CLIENT,NUM_FACTURE) values (112,'tt0242252',to_date('01-04-01','RR-MM-DD'),41,79);
Insert into LOCATION (ID_LOCATION,IMDB_ID,DATE_LOCATION,ID_CLIENT,NUM_FACTURE) values (113,'tt1206488',to_date('17-06-12','RR-MM-DD'),10,48);
Insert into LOCATION (ID_LOCATION,IMDB_ID,DATE_LOCATION,ID_CLIENT,NUM_FACTURE) values (114,'tt0399146',to_date('03-01-09','RR-MM-DD'),33,71);
Insert into LOCATION (ID_LOCATION,IMDB_ID,DATE_LOCATION,ID_CLIENT,NUM_FACTURE) values (115,'tt0120737',to_date('01-05-31','RR-MM-DD'),42,80);
Insert into LOCATION (ID_LOCATION,IMDB_ID,DATE_LOCATION,ID_CLIENT,NUM_FACTURE) values (116,'tt0259711',to_date('15-05-25','RR-MM-DD'),46,84);
Insert into LOCATION (ID_LOCATION,IMDB_ID,DATE_LOCATION,ID_CLIENT,NUM_FACTURE) values (117,'tt0325710',to_date('07-11-15','RR-MM-DD'),26,64);
Insert into LOCATION (ID_LOCATION,IMDB_ID,DATE_LOCATION,ID_CLIENT,NUM_FACTURE) values (118,'tt1074638',to_date('03-07-20','RR-MM-DD'),12,50);
Insert into LOCATION (ID_LOCATION,IMDB_ID,DATE_LOCATION,ID_CLIENT,NUM_FACTURE) values (119,'tt0259711',to_date('16-12-01','RR-MM-DD'),48,86);
Insert into LOCATION (ID_LOCATION,IMDB_ID,DATE_LOCATION,ID_CLIENT,NUM_FACTURE) values (120,'tt1201607',to_date('08-07-13','RR-MM-DD'),6,44);
Insert into LOCATION (ID_LOCATION,IMDB_ID,DATE_LOCATION,ID_CLIENT,NUM_FACTURE) values (121,'tt0242252',to_date('10-10-30','RR-MM-DD'),25,63);
Insert into LOCATION (ID_LOCATION,IMDB_ID,DATE_LOCATION,ID_CLIENT,NUM_FACTURE) values (122,'tt1343092',to_date('01-12-13','RR-MM-DD'),25,63);
Insert into LOCATION (ID_LOCATION,IMDB_ID,DATE_LOCATION,ID_CLIENT,NUM_FACTURE) values (123,'tt0970179',to_date('07-03-05','RR-MM-DD'),26,64);
Insert into LOCATION (ID_LOCATION,IMDB_ID,DATE_LOCATION,ID_CLIENT,NUM_FACTURE) values (124,'tt0469494',to_date('11-07-30','RR-MM-DD'),1,39);
Insert into LOCATION (ID_LOCATION,IMDB_ID,DATE_LOCATION,ID_CLIENT,NUM_FACTURE) values (125,'tt0390579',to_date('11-02-28','RR-MM-DD'),4,42);
Insert into LOCATION (ID_LOCATION,IMDB_ID,DATE_LOCATION,ID_CLIENT,NUM_FACTURE) values (126,'tt0440963',to_date('06-05-04','RR-MM-DD'),23,61);
Insert into LOCATION (ID_LOCATION,IMDB_ID,DATE_LOCATION,ID_CLIENT,NUM_FACTURE) values (127,'tt0443489',to_date('05-08-04','RR-MM-DD'),18,56);
Insert into LOCATION (ID_LOCATION,IMDB_ID,DATE_LOCATION,ID_CLIENT,NUM_FACTURE) values (128,'tt0443499',to_date('14-09-08','RR-MM-DD'),20,58);
Insert into LOCATION (ID_LOCATION,IMDB_ID,DATE_LOCATION,ID_CLIENT,NUM_FACTURE) values (129,'tt0139654',to_date('10-08-17','RR-MM-DD'),42,80);
Insert into LOCATION (ID_LOCATION,IMDB_ID,DATE_LOCATION,ID_CLIENT,NUM_FACTURE) values (130,'tt0311648',to_date('08-04-25','RR-MM-DD'),26,64);
Insert into LOCATION (ID_LOCATION,IMDB_ID,DATE_LOCATION,ID_CLIENT,NUM_FACTURE) values (131,'tt0935075',to_date('02-04-15','RR-MM-DD'),25,63);
Insert into LOCATION (ID_LOCATION,IMDB_ID,DATE_LOCATION,ID_CLIENT,NUM_FACTURE) values (132,'tt0907657',to_date('11-10-03','RR-MM-DD'),45,83);
Insert into LOCATION (ID_LOCATION,IMDB_ID,DATE_LOCATION,ID_CLIENT,NUM_FACTURE) values (133,'tt0461770',to_date('05-01-07','RR-MM-DD'),7,45);
Insert into LOCATION (ID_LOCATION,IMDB_ID,DATE_LOCATION,ID_CLIENT,NUM_FACTURE) values (134,'tt0432283',to_date('15-12-18','RR-MM-DD'),39,77);
Insert into LOCATION (ID_LOCATION,IMDB_ID,DATE_LOCATION,ID_CLIENT,NUM_FACTURE) values (135,'tt0854678',to_date('08-01-20','RR-MM-DD'),23,61);
Insert into LOCATION (ID_LOCATION,IMDB_ID,DATE_LOCATION,ID_CLIENT,NUM_FACTURE) values (136,'tt0489342',to_date('04-04-05','RR-MM-DD'),47,85);
Insert into LOCATION (ID_LOCATION,IMDB_ID,DATE_LOCATION,ID_CLIENT,NUM_FACTURE) values (137,'tt0344510',to_date('16-11-12','RR-MM-DD'),11,49);
Insert into LOCATION (ID_LOCATION,IMDB_ID,DATE_LOCATION,ID_CLIENT,NUM_FACTURE) values (138,'tt0332452',to_date('08-04-23','RR-MM-DD'),43,81);
Insert into LOCATION (ID_LOCATION,IMDB_ID,DATE_LOCATION,ID_CLIENT,NUM_FACTURE) values (139,'tt0892769',to_date('07-02-18','RR-MM-DD'),44,82);
Insert into LOCATION (ID_LOCATION,IMDB_ID,DATE_LOCATION,ID_CLIENT,NUM_FACTURE) values (140,'tt0944835',to_date('09-05-16','RR-MM-DD'),34,72);
Insert into LOCATION (ID_LOCATION,IMDB_ID,DATE_LOCATION,ID_CLIENT,NUM_FACTURE) values (141,'tt0139654',to_date('05-07-19','RR-MM-DD'),17,55);
Insert into LOCATION (ID_LOCATION,IMDB_ID,DATE_LOCATION,ID_CLIENT,NUM_FACTURE) values (142,'tt1210166',to_date('12-03-28','RR-MM-DD'),9,47);
Insert into LOCATION (ID_LOCATION,IMDB_ID,DATE_LOCATION,ID_CLIENT,NUM_FACTURE) values (143,'tt0780653',to_date('14-11-25','RR-MM-DD'),18,56);
Insert into LOCATION (ID_LOCATION,IMDB_ID,DATE_LOCATION,ID_CLIENT,NUM_FACTURE) values (144,'tt0452623',to_date('03-01-19','RR-MM-DD'),43,81);
Insert into LOCATION (ID_LOCATION,IMDB_ID,DATE_LOCATION,ID_CLIENT,NUM_FACTURE) values (145,'tt0329575',to_date('10-04-12','RR-MM-DD'),49,87);
Insert into LOCATION (ID_LOCATION,IMDB_ID,DATE_LOCATION,ID_CLIENT,NUM_FACTURE) values (146,'tt0402399',to_date('01-09-04','RR-MM-DD'),49,87);
Insert into LOCATION (ID_LOCATION,IMDB_ID,DATE_LOCATION,ID_CLIENT,NUM_FACTURE) values (147,'tt0126029',to_date('03-03-24','RR-MM-DD'),35,73);
Insert into LOCATION (ID_LOCATION,IMDB_ID,DATE_LOCATION,ID_CLIENT,NUM_FACTURE) values (148,'tt0432283',to_date('15-08-20','RR-MM-DD'),16,54);
Insert into LOCATION (ID_LOCATION,IMDB_ID,DATE_LOCATION,ID_CLIENT,NUM_FACTURE) values (149,'tt0338309',to_date('14-05-03','RR-MM-DD'),3,41);
Insert into LOCATION (ID_LOCATION,IMDB_ID,DATE_LOCATION,ID_CLIENT,NUM_FACTURE) values (150,'tt0419887',to_date('08-05-26','RR-MM-DD'),33,71);
Insert into LOCATION (ID_LOCATION,IMDB_ID,DATE_LOCATION,ID_CLIENT,NUM_FACTURE) values (151,'tt1010048',to_date('08-06-10','RR-MM-DD'),20,58);
Insert into LOCATION (ID_LOCATION,IMDB_ID,DATE_LOCATION,ID_CLIENT,NUM_FACTURE) values (152,'tt0389860',to_date('12-10-02','RR-MM-DD'),29,67);
Insert into LOCATION (ID_LOCATION,IMDB_ID,DATE_LOCATION,ID_CLIENT,NUM_FACTURE) values (153,'tt1322269',to_date('09-04-08','RR-MM-DD'),39,77);
Insert into LOCATION (ID_LOCATION,IMDB_ID,DATE_LOCATION,ID_CLIENT,NUM_FACTURE) values (154,'tt0348150',to_date('07-02-03','RR-MM-DD'),17,55);
Insert into LOCATION (ID_LOCATION,IMDB_ID,DATE_LOCATION,ID_CLIENT,NUM_FACTURE) values (155,'tt0864761',to_date('05-08-24','RR-MM-DD'),2,40);
Insert into LOCATION (ID_LOCATION,IMDB_ID,DATE_LOCATION,ID_CLIENT,NUM_FACTURE) values (156,'tt0139654',to_date('10-07-26','RR-MM-DD'),39,77);
Insert into LOCATION (ID_LOCATION,IMDB_ID,DATE_LOCATION,ID_CLIENT,NUM_FACTURE) values (157,'tt0449059',to_date('02-12-31','RR-MM-DD'),22,60);
Insert into LOCATION (ID_LOCATION,IMDB_ID,DATE_LOCATION,ID_CLIENT,NUM_FACTURE) values (158,'tt0243133',to_date('06-12-24','RR-MM-DD'),8,46);
Insert into LOCATION (ID_LOCATION,IMDB_ID,DATE_LOCATION,ID_CLIENT,NUM_FACTURE) values (159,'tt0477348',to_date('01-12-20','RR-MM-DD'),43,81);
Insert into LOCATION (ID_LOCATION,IMDB_ID,DATE_LOCATION,ID_CLIENT,NUM_FACTURE) values (160,'tt0145487',to_date('01-02-16','RR-MM-DD'),43,81);
Insert into LOCATION (ID_LOCATION,IMDB_ID,DATE_LOCATION,ID_CLIENT,NUM_FACTURE) values (161,'tt1054606',to_date('10-07-26','RR-MM-DD'),35,73);
Insert into LOCATION (ID_LOCATION,IMDB_ID,DATE_LOCATION,ID_CLIENT,NUM_FACTURE) values (162,'tt0259711',to_date('01-07-07','RR-MM-DD'),38,76);
Insert into LOCATION (ID_LOCATION,IMDB_ID,DATE_LOCATION,ID_CLIENT,NUM_FACTURE) values (163,'tt0944835',to_date('04-10-23','RR-MM-DD'),38,76);
Insert into LOCATION (ID_LOCATION,IMDB_ID,DATE_LOCATION,ID_CLIENT,NUM_FACTURE) values (164,'tt0369702',to_date('15-12-04','RR-MM-DD'),6,44);
Insert into LOCATION (ID_LOCATION,IMDB_ID,DATE_LOCATION,ID_CLIENT,NUM_FACTURE) values (165,'tt0442001',to_date('16-12-08','RR-MM-DD'),7,45);
Insert into LOCATION (ID_LOCATION,IMDB_ID,DATE_LOCATION,ID_CLIENT,NUM_FACTURE) values (166,'tt0452623',to_date('05-03-05','RR-MM-DD'),44,82);
Insert into LOCATION (ID_LOCATION,IMDB_ID,DATE_LOCATION,ID_CLIENT,NUM_FACTURE) values (167,'tt1485796',to_date('09-01-05','RR-MM-DD'),2,40);
Insert into LOCATION (ID_LOCATION,IMDB_ID,DATE_LOCATION,ID_CLIENT,NUM_FACTURE) values (168,'tt0213149',to_date('14-12-23','RR-MM-DD'),9,47);
Insert into LOCATION (ID_LOCATION,IMDB_ID,DATE_LOCATION,ID_CLIENT,NUM_FACTURE) values (169,'tt0211915',to_date('17-12-12','RR-MM-DD'),33,71);
Insert into LOCATION (ID_LOCATION,IMDB_ID,DATE_LOCATION,ID_CLIENT,NUM_FACTURE) values (170,'tt0442001',to_date('17-05-15','RR-MM-DD'),9,47);
Insert into LOCATION (ID_LOCATION,IMDB_ID,DATE_LOCATION,ID_CLIENT,NUM_FACTURE) values (171,'tt0348150',to_date('04-07-16','RR-MM-DD'),8,46);
Insert into LOCATION (ID_LOCATION,IMDB_ID,DATE_LOCATION,ID_CLIENT,NUM_FACTURE) values (172,'tt1210166',to_date('14-06-14','RR-MM-DD'),31,69);
Insert into LOCATION (ID_LOCATION,IMDB_ID,DATE_LOCATION,ID_CLIENT,NUM_FACTURE) values (173,'tt0435761',to_date('01-09-02','RR-MM-DD'),8,46);
Insert into LOCATION (ID_LOCATION,IMDB_ID,DATE_LOCATION,ID_CLIENT,NUM_FACTURE) values (174,'tt0145487',to_date('10-10-13','RR-MM-DD'),22,60);
Insert into LOCATION (ID_LOCATION,IMDB_ID,DATE_LOCATION,ID_CLIENT,NUM_FACTURE) values (175,'tt0433383',to_date('01-05-08','RR-MM-DD'),6,44);
Insert into LOCATION (ID_LOCATION,IMDB_ID,DATE_LOCATION,ID_CLIENT,NUM_FACTURE) values (176,'tt0390579',to_date('03-08-31','RR-MM-DD'),44,82);
Insert into LOCATION (ID_LOCATION,IMDB_ID,DATE_LOCATION,ID_CLIENT,NUM_FACTURE) values (177,'tt0243155',to_date('06-05-26','RR-MM-DD'),41,79);
Insert into LOCATION (ID_LOCATION,IMDB_ID,DATE_LOCATION,ID_CLIENT,NUM_FACTURE) values (178,'tt0422720',to_date('15-12-24','RR-MM-DD'),20,58);
Insert into LOCATION (ID_LOCATION,IMDB_ID,DATE_LOCATION,ID_CLIENT,NUM_FACTURE) values (179,'tt0358273',to_date('08-02-09','RR-MM-DD'),14,52);
Insert into LOCATION (ID_LOCATION,IMDB_ID,DATE_LOCATION,ID_CLIENT,NUM_FACTURE) values (180,'tt1355644',to_date('15-09-19','RR-MM-DD'),19,57);
Insert into LOCATION (ID_LOCATION,IMDB_ID,DATE_LOCATION,ID_CLIENT,NUM_FACTURE) values (181,'tt0335345',to_date('09-10-11','RR-MM-DD'),32,70);
Insert into LOCATION (ID_LOCATION,IMDB_ID,DATE_LOCATION,ID_CLIENT,NUM_FACTURE) values (182,'tt0389860',to_date('06-09-10','RR-MM-DD'),24,62);
Insert into LOCATION (ID_LOCATION,IMDB_ID,DATE_LOCATION,ID_CLIENT,NUM_FACTURE) values (183,'tt0442001',to_date('02-09-07','RR-MM-DD'),42,80);
Insert into LOCATION (ID_LOCATION,IMDB_ID,DATE_LOCATION,ID_CLIENT,NUM_FACTURE) values (184,'tt0253474',to_date('06-04-30','RR-MM-DD'),48,86);
Insert into LOCATION (ID_LOCATION,IMDB_ID,DATE_LOCATION,ID_CLIENT,NUM_FACTURE) values (185,'tt0166813',to_date('17-02-14','RR-MM-DD'),2,40);
Insert into LOCATION (ID_LOCATION,IMDB_ID,DATE_LOCATION,ID_CLIENT,NUM_FACTURE) values (186,'tt0810784',to_date('07-03-25','RR-MM-DD'),3,41);
Insert into LOCATION (ID_LOCATION,IMDB_ID,DATE_LOCATION,ID_CLIENT,NUM_FACTURE) values (187,'tt0390221',to_date('13-10-29','RR-MM-DD'),44,82);
Insert into LOCATION (ID_LOCATION,IMDB_ID,DATE_LOCATION,ID_CLIENT,NUM_FACTURE) values (188,'tt0367594',to_date('17-05-17','RR-MM-DD'),25,63);
Insert into LOCATION (ID_LOCATION,IMDB_ID,DATE_LOCATION,ID_CLIENT,NUM_FACTURE) values (189,'tt0402399',to_date('11-06-23','RR-MM-DD'),16,54);
Insert into LOCATION (ID_LOCATION,IMDB_ID,DATE_LOCATION,ID_CLIENT,NUM_FACTURE) values (190,'tt0327597',to_date('04-12-25','RR-MM-DD'),25,63);
Insert into LOCATION (ID_LOCATION,IMDB_ID,DATE_LOCATION,ID_CLIENT,NUM_FACTURE) values (191,'tt1135503',to_date('10-01-10','RR-MM-DD'),22,60);
Insert into LOCATION (ID_LOCATION,IMDB_ID,DATE_LOCATION,ID_CLIENT,NUM_FACTURE) values (192,'tt0245429',to_date('08-10-31','RR-MM-DD'),20,58);
Insert into LOCATION (ID_LOCATION,IMDB_ID,DATE_LOCATION,ID_CLIENT,NUM_FACTURE) values (193,'tt1077262',to_date('09-10-24','RR-MM-DD'),2,40);
Insert into LOCATION (ID_LOCATION,IMDB_ID,DATE_LOCATION,ID_CLIENT,NUM_FACTURE) values (194,'tt0253474',to_date('09-01-24','RR-MM-DD'),8,46);
Insert into LOCATION (ID_LOCATION,IMDB_ID,DATE_LOCATION,ID_CLIENT,NUM_FACTURE) values (195,'tt0325638',to_date('01-06-09','RR-MM-DD'),39,77);
Insert into LOCATION (ID_LOCATION,IMDB_ID,DATE_LOCATION,ID_CLIENT,NUM_FACTURE) values (196,'tt0449059',to_date('07-03-16','RR-MM-DD'),21,59);
Insert into LOCATION (ID_LOCATION,IMDB_ID,DATE_LOCATION,ID_CLIENT,NUM_FACTURE) values (197,'tt0330373',to_date('08-03-24','RR-MM-DD'),36,74);
Insert into LOCATION (ID_LOCATION,IMDB_ID,DATE_LOCATION,ID_CLIENT,NUM_FACTURE) values (198,'tt1543539',to_date('10-10-14','RR-MM-DD'),19,57);
Insert into LOCATION (ID_LOCATION,IMDB_ID,DATE_LOCATION,ID_CLIENT,NUM_FACTURE) values (199,'tt1360068',to_date('15-04-27','RR-MM-DD'),37,75);
Insert into LOCATION (ID_LOCATION,IMDB_ID,DATE_LOCATION,ID_CLIENT,NUM_FACTURE) values (200,'tt0299658',to_date('15-06-17','RR-MM-DD'),35,73);
Insert into LOCATION (ID_LOCATION,IMDB_ID,DATE_LOCATION,ID_CLIENT,NUM_FACTURE) values (201,'tt0498380',to_date('09-12-18','RR-MM-DD'),47,85);
Insert into LOCATION (ID_LOCATION,IMDB_ID,DATE_LOCATION,ID_CLIENT,NUM_FACTURE) values (202,'tt0266543',to_date('09-02-16','RR-MM-DD'),25,63);
Insert into LOCATION (ID_LOCATION,IMDB_ID,DATE_LOCATION,ID_CLIENT,NUM_FACTURE) values (203,'tt1201607',to_date('14-03-13','RR-MM-DD'),29,67);
Insert into LOCATION (ID_LOCATION,IMDB_ID,DATE_LOCATION,ID_CLIENT,NUM_FACTURE) values (204,'tt0441773',to_date('03-01-12','RR-MM-DD'),12,50);
Insert into LOCATION (ID_LOCATION,IMDB_ID,DATE_LOCATION,ID_CLIENT,NUM_FACTURE) values (205,'tt0298203',to_date('01-08-02','RR-MM-DD'),27,65);
Insert into LOCATION (ID_LOCATION,IMDB_ID,DATE_LOCATION,ID_CLIENT,NUM_FACTURE) values (206,'tt0373861',to_date('12-10-15','RR-MM-DD'),11,49);
Insert into LOCATION (ID_LOCATION,IMDB_ID,DATE_LOCATION,ID_CLIENT,NUM_FACTURE) values (207,'tt0330373',to_date('05-01-24','RR-MM-DD'),6,44);
Insert into LOCATION (ID_LOCATION,IMDB_ID,DATE_LOCATION,ID_CLIENT,NUM_FACTURE) values (208,'tt0473444',to_date('13-09-17','RR-MM-DD'),37,75);
Insert into LOCATION (ID_LOCATION,IMDB_ID,DATE_LOCATION,ID_CLIENT,NUM_FACTURE) values (209,'tt0383574',to_date('16-12-08','RR-MM-DD'),7,45);
Insert into LOCATION (ID_LOCATION,IMDB_ID,DATE_LOCATION,ID_CLIENT,NUM_FACTURE) values (210,'tt0264464',to_date('15-02-08','RR-MM-DD'),37,75);
Insert into LOCATION (ID_LOCATION,IMDB_ID,DATE_LOCATION,ID_CLIENT,NUM_FACTURE) values (211,'tt1431181',to_date('08-04-13','RR-MM-DD'),18,56);
Insert into LOCATION (ID_LOCATION,IMDB_ID,DATE_LOCATION,ID_CLIENT,NUM_FACTURE) values (212,'tt0335345',to_date('05-10-24','RR-MM-DD'),44,82);
Insert into LOCATION (ID_LOCATION,IMDB_ID,DATE_LOCATION,ID_CLIENT,NUM_FACTURE) values (213,'tt1536048',to_date('12-10-16','RR-MM-DD'),20,58);
Insert into LOCATION (ID_LOCATION,IMDB_ID,DATE_LOCATION,ID_CLIENT,NUM_FACTURE) values (214,'tt0810784',to_date('12-04-25','RR-MM-DD'),13,51);
Insert into LOCATION (ID_LOCATION,IMDB_ID,DATE_LOCATION,ID_CLIENT,NUM_FACTURE) values (215,'tt0161860',to_date('12-09-19','RR-MM-DD'),15,53);
Insert into LOCATION (ID_LOCATION,IMDB_ID,DATE_LOCATION,ID_CLIENT,NUM_FACTURE) values (216,'tt0335345',to_date('03-03-07','RR-MM-DD'),11,49);
Insert into LOCATION (ID_LOCATION,IMDB_ID,DATE_LOCATION,ID_CLIENT,NUM_FACTURE) values (217,'tt0407887',to_date('01-01-22','RR-MM-DD'),31,69);
Insert into LOCATION (ID_LOCATION,IMDB_ID,DATE_LOCATION,ID_CLIENT,NUM_FACTURE) values (218,'tt0765429',to_date('17-04-06','RR-MM-DD'),25,63);
Insert into LOCATION (ID_LOCATION,IMDB_ID,DATE_LOCATION,ID_CLIENT,NUM_FACTURE) values (219,'tt0348150',to_date('01-09-27','RR-MM-DD'),45,83);
Insert into LOCATION (ID_LOCATION,IMDB_ID,DATE_LOCATION,ID_CLIENT,NUM_FACTURE) values (220,'tt0126029',to_date('02-04-12','RR-MM-DD'),37,75);
Insert into LOCATION (ID_LOCATION,IMDB_ID,DATE_LOCATION,ID_CLIENT,NUM_FACTURE) values (221,'tt0353737',to_date('14-09-23','RR-MM-DD'),41,79);
Insert into LOCATION (ID_LOCATION,IMDB_ID,DATE_LOCATION,ID_CLIENT,NUM_FACTURE) values (222,'tt1355644',to_date('04-10-14','RR-MM-DD'),4,42);
Insert into LOCATION (ID_LOCATION,IMDB_ID,DATE_LOCATION,ID_CLIENT,NUM_FACTURE) values (223,'tt1263670',to_date('02-09-04','RR-MM-DD'),15,53);
Insert into LOCATION (ID_LOCATION,IMDB_ID,DATE_LOCATION,ID_CLIENT,NUM_FACTURE) values (224,'tt1485796',to_date('12-06-03','RR-MM-DD'),17,55);
Insert into LOCATION (ID_LOCATION,IMDB_ID,DATE_LOCATION,ID_CLIENT,NUM_FACTURE) values (225,'tt0475276',to_date('11-03-31','RR-MM-DD'),28,66);
Insert into LOCATION (ID_LOCATION,IMDB_ID,DATE_LOCATION,ID_CLIENT,NUM_FACTURE) values (226,'tt0268380',to_date('01-01-07','RR-MM-DD'),6,44);
Insert into LOCATION (ID_LOCATION,IMDB_ID,DATE_LOCATION,ID_CLIENT,NUM_FACTURE) values (227,'tt0493464',to_date('07-03-17','RR-MM-DD'),49,87);
Insert into LOCATION (ID_LOCATION,IMDB_ID,DATE_LOCATION,ID_CLIENT,NUM_FACTURE) values (228,'tt1276419',to_date('10-05-10','RR-MM-DD'),9,47);
Insert into LOCATION (ID_LOCATION,IMDB_ID,DATE_LOCATION,ID_CLIENT,NUM_FACTURE) values (229,'tt0449059',to_date('06-08-17','RR-MM-DD'),22,60);
Insert into LOCATION (ID_LOCATION,IMDB_ID,DATE_LOCATION,ID_CLIENT,NUM_FACTURE) values (230,'tt0452623',to_date('10-11-17','RR-MM-DD'),18,56);
Insert into LOCATION (ID_LOCATION,IMDB_ID,DATE_LOCATION,ID_CLIENT,NUM_FACTURE) values (231,'tt0929632',to_date('05-09-24','RR-MM-DD'),10,48);
Insert into LOCATION (ID_LOCATION,IMDB_ID,DATE_LOCATION,ID_CLIENT,NUM_FACTURE) values (232,'tt0498380',to_date('15-04-02','RR-MM-DD'),15,53);
Insert into LOCATION (ID_LOCATION,IMDB_ID,DATE_LOCATION,ID_CLIENT,NUM_FACTURE) values (233,'tt1355644',to_date('16-04-05','RR-MM-DD'),11,49);
Insert into LOCATION (ID_LOCATION,IMDB_ID,DATE_LOCATION,ID_CLIENT,NUM_FACTURE) values (234,'tt1065073',to_date('14-10-31','RR-MM-DD'),7,45);
Insert into LOCATION (ID_LOCATION,IMDB_ID,DATE_LOCATION,ID_CLIENT,NUM_FACTURE) values (235,'tt1430626',to_date('12-02-12','RR-MM-DD'),42,80);
Insert into LOCATION (ID_LOCATION,IMDB_ID,DATE_LOCATION,ID_CLIENT,NUM_FACTURE) values (236,'tt0892769',to_date('08-11-01','RR-MM-DD'),47,85);
Insert into LOCATION (ID_LOCATION,IMDB_ID,DATE_LOCATION,ID_CLIENT,NUM_FACTURE) values (237,'tt0443680',to_date('16-12-07','RR-MM-DD'),9,47);
Insert into LOCATION (ID_LOCATION,IMDB_ID,DATE_LOCATION,ID_CLIENT,NUM_FACTURE) values (238,'tt0439676',to_date('17-09-09','RR-MM-DD'),22,60);
Insert into LOCATION (ID_LOCATION,IMDB_ID,DATE_LOCATION,ID_CLIENT,NUM_FACTURE) values (239,'tt0338013',to_date('04-05-24','RR-MM-DD'),26,64);
Insert into LOCATION (ID_LOCATION,IMDB_ID,DATE_LOCATION,ID_CLIENT,NUM_FACTURE) values (240,'tt0325980',to_date('05-02-08','RR-MM-DD'),43,81);
Insert into LOCATION (ID_LOCATION,IMDB_ID,DATE_LOCATION,ID_CLIENT,NUM_FACTURE) values (241,'tt0491747',to_date('02-12-15','RR-MM-DD'),15,53);
Insert into LOCATION (ID_LOCATION,IMDB_ID,DATE_LOCATION,ID_CLIENT,NUM_FACTURE) values (242,'tt0330373',to_date('01-06-07','RR-MM-DD'),31,69);
Insert into LOCATION (ID_LOCATION,IMDB_ID,DATE_LOCATION,ID_CLIENT,NUM_FACTURE) values (243,'tt0422720',to_date('06-04-26','RR-MM-DD'),50,88);
Insert into LOCATION (ID_LOCATION,IMDB_ID,DATE_LOCATION,ID_CLIENT,NUM_FACTURE) values (244,'tt0311113',to_date('12-06-23','RR-MM-DD'),8,46);
Insert into LOCATION (ID_LOCATION,IMDB_ID,DATE_LOCATION,ID_CLIENT,NUM_FACTURE) values (245,'tt0371746',to_date('05-03-04','RR-MM-DD'),3,41);
Insert into LOCATION (ID_LOCATION,IMDB_ID,DATE_LOCATION,ID_CLIENT,NUM_FACTURE) values (246,'tt1343092',to_date('01-04-05','RR-MM-DD'),3,41);
Insert into LOCATION (ID_LOCATION,IMDB_ID,DATE_LOCATION,ID_CLIENT,NUM_FACTURE) values (247,'tt1322269',to_date('16-03-25','RR-MM-DD'),19,57);
Insert into LOCATION (ID_LOCATION,IMDB_ID,DATE_LOCATION,ID_CLIENT,NUM_FACTURE) values (248,'tt0301199',to_date('01-02-01','RR-MM-DD'),20,58);
Insert into LOCATION (ID_LOCATION,IMDB_ID,DATE_LOCATION,ID_CLIENT,NUM_FACTURE) values (249,'tt0139654',to_date('13-03-30','RR-MM-DD'),3,41);
Insert into LOCATION (ID_LOCATION,IMDB_ID,DATE_LOCATION,ID_CLIENT,NUM_FACTURE) values (250,'tt0433383',to_date('13-02-24','RR-MM-DD'),44,82);
Insert into LOCATION (ID_LOCATION,IMDB_ID,DATE_LOCATION,ID_CLIENT,NUM_FACTURE) values (251,'tt0371746',to_date('07-04-12','RR-MM-DD'),40,78);
Insert into LOCATION (ID_LOCATION,IMDB_ID,DATE_LOCATION,ID_CLIENT,NUM_FACTURE) values (252,'tt0805564',to_date('09-04-03','RR-MM-DD'),46,84);
Insert into LOCATION (ID_LOCATION,IMDB_ID,DATE_LOCATION,ID_CLIENT,NUM_FACTURE) values (253,'tt0473444',to_date('04-09-02','RR-MM-DD'),27,65);
Insert into LOCATION (ID_LOCATION,IMDB_ID,DATE_LOCATION,ID_CLIENT,NUM_FACTURE) values (254,'tt0299658',to_date('11-03-25','RR-MM-DD'),15,53);
Insert into LOCATION (ID_LOCATION,IMDB_ID,DATE_LOCATION,ID_CLIENT,NUM_FACTURE) values (255,'tt0824758',to_date('05-08-11','RR-MM-DD'),20,58);
Insert into LOCATION (ID_LOCATION,IMDB_ID,DATE_LOCATION,ID_CLIENT,NUM_FACTURE) values (256,'tt1274300',to_date('09-11-06','RR-MM-DD'),8,46);
Insert into LOCATION (ID_LOCATION,IMDB_ID,DATE_LOCATION,ID_CLIENT,NUM_FACTURE) values (257,'tt0212720',to_date('02-05-05','RR-MM-DD'),31,69);
Insert into LOCATION (ID_LOCATION,IMDB_ID,DATE_LOCATION,ID_CLIENT,NUM_FACTURE) values (258,'tt0340855',to_date('05-04-08','RR-MM-DD'),46,84);
Insert into LOCATION (ID_LOCATION,IMDB_ID,DATE_LOCATION,ID_CLIENT,NUM_FACTURE) values (259,'tt0859595',to_date('15-02-24','RR-MM-DD'),19,57);
Insert into LOCATION (ID_LOCATION,IMDB_ID,DATE_LOCATION,ID_CLIENT,NUM_FACTURE) values (260,'tt0443446',to_date('16-12-22','RR-MM-DD'),24,62);
Insert into LOCATION (ID_LOCATION,IMDB_ID,DATE_LOCATION,ID_CLIENT,NUM_FACTURE) values (261,'tt0390579',to_date('14-05-08','RR-MM-DD'),36,74);
Insert into LOCATION (ID_LOCATION,IMDB_ID,DATE_LOCATION,ID_CLIENT,NUM_FACTURE) values (262,'tt0469494',to_date('05-12-17','RR-MM-DD'),15,53);
Insert into LOCATION (ID_LOCATION,IMDB_ID,DATE_LOCATION,ID_CLIENT,NUM_FACTURE) values (263,'tt0452623',to_date('03-10-29','RR-MM-DD'),14,52);
Insert into LOCATION (ID_LOCATION,IMDB_ID,DATE_LOCATION,ID_CLIENT,NUM_FACTURE) values (264,'tt0317705',to_date('11-02-16','RR-MM-DD'),9,47);
Insert into LOCATION (ID_LOCATION,IMDB_ID,DATE_LOCATION,ID_CLIENT,NUM_FACTURE) values (265,'tt0935075',to_date('05-01-29','RR-MM-DD'),9,47);
Insert into LOCATION (ID_LOCATION,IMDB_ID,DATE_LOCATION,ID_CLIENT,NUM_FACTURE) values (266,'tt0935075',to_date('12-06-29','RR-MM-DD'),8,46);
Insert into LOCATION (ID_LOCATION,IMDB_ID,DATE_LOCATION,ID_CLIENT,NUM_FACTURE) values (267,'tt0465551',to_date('09-02-16','RR-MM-DD'),4,42);
Insert into LOCATION (ID_LOCATION,IMDB_ID,DATE_LOCATION,ID_CLIENT,NUM_FACTURE) values (268,'tt0465551',to_date('05-05-17','RR-MM-DD'),25,63);
Insert into LOCATION (ID_LOCATION,IMDB_ID,DATE_LOCATION,ID_CLIENT,NUM_FACTURE) values (269,'tt0409182',to_date('05-10-19','RR-MM-DD'),26,64);
Insert into LOCATION (ID_LOCATION,IMDB_ID,DATE_LOCATION,ID_CLIENT,NUM_FACTURE) values (270,'tt0360717',to_date('12-05-20','RR-MM-DD'),45,83);
Insert into LOCATION (ID_LOCATION,IMDB_ID,DATE_LOCATION,ID_CLIENT,NUM_FACTURE) values (271,'tt0388789',to_date('03-08-04','RR-MM-DD'),3,91);
Insert into LOCATION (ID_LOCATION,IMDB_ID,DATE_LOCATION,ID_CLIENT,NUM_FACTURE) values (272,'tt0432283',to_date('09-03-27','RR-MM-DD'),43,129);
Insert into LOCATION (ID_LOCATION,IMDB_ID,DATE_LOCATION,ID_CLIENT,NUM_FACTURE) values (273,'tt1049413',to_date('15-07-14','RR-MM-DD'),40,126);
Insert into LOCATION (ID_LOCATION,IMDB_ID,DATE_LOCATION,ID_CLIENT,NUM_FACTURE) values (274,'tt1343092',to_date('09-11-10','RR-MM-DD'),22,108);
Insert into LOCATION (ID_LOCATION,IMDB_ID,DATE_LOCATION,ID_CLIENT,NUM_FACTURE) values (275,'tt0450188',to_date('07-05-24','RR-MM-DD'),7,95);
Insert into LOCATION (ID_LOCATION,IMDB_ID,DATE_LOCATION,ID_CLIENT,NUM_FACTURE) values (276,'tt0854678',to_date('15-10-17','RR-MM-DD'),28,114);
Insert into LOCATION (ID_LOCATION,IMDB_ID,DATE_LOCATION,ID_CLIENT,NUM_FACTURE) values (277,'tt1024648',to_date('12-08-03','RR-MM-DD'),29,115);
Insert into LOCATION (ID_LOCATION,IMDB_ID,DATE_LOCATION,ID_CLIENT,NUM_FACTURE) values (278,'tt1485796',to_date('03-12-21','RR-MM-DD'),39,125);
Insert into LOCATION (ID_LOCATION,IMDB_ID,DATE_LOCATION,ID_CLIENT,NUM_FACTURE) values (279,'tt0432283',to_date('15-08-06','RR-MM-DD'),13,101);
Insert into LOCATION (ID_LOCATION,IMDB_ID,DATE_LOCATION,ID_CLIENT,NUM_FACTURE) values (280,'tt0469494',to_date('06-12-16','RR-MM-DD'),48,133);
Insert into LOCATION (ID_LOCATION,IMDB_ID,DATE_LOCATION,ID_CLIENT,NUM_FACTURE) values (281,'tt1229822',to_date('13-11-02','RR-MM-DD'),41,127);
Insert into LOCATION (ID_LOCATION,IMDB_ID,DATE_LOCATION,ID_CLIENT,NUM_FACTURE) values (282,'tt1343092',to_date('01-07-21','RR-MM-DD'),10,98);
Insert into LOCATION (ID_LOCATION,IMDB_ID,DATE_LOCATION,ID_CLIENT,NUM_FACTURE) values (283,'tt0445922',to_date('14-12-20','RR-MM-DD'),44,130);
Insert into LOCATION (ID_LOCATION,IMDB_ID,DATE_LOCATION,ID_CLIENT,NUM_FACTURE) values (284,'tt1322269',to_date('02-10-26','RR-MM-DD'),10,98);
Insert into LOCATION (ID_LOCATION,IMDB_ID,DATE_LOCATION,ID_CLIENT,NUM_FACTURE) values (285,'tt1322269',to_date('15-03-27','RR-MM-DD'),30,116);
Insert into LOCATION (ID_LOCATION,IMDB_ID,DATE_LOCATION,ID_CLIENT,NUM_FACTURE) values (286,'tt0964517',to_date('03-12-10','RR-MM-DD'),28,114);
Insert into LOCATION (ID_LOCATION,IMDB_ID,DATE_LOCATION,ID_CLIENT,NUM_FACTURE) values (287,'tt0427617',to_date('13-12-18','RR-MM-DD'),42,128);
Insert into LOCATION (ID_LOCATION,IMDB_ID,DATE_LOCATION,ID_CLIENT,NUM_FACTURE) values (288,'tt1431181',to_date('07-10-14','RR-MM-DD'),19,105);
Insert into LOCATION (ID_LOCATION,IMDB_ID,DATE_LOCATION,ID_CLIENT,NUM_FACTURE) values (289,'tt0443446',to_date('15-10-01','RR-MM-DD'),38,124);
Insert into LOCATION (ID_LOCATION,IMDB_ID,DATE_LOCATION,ID_CLIENT,NUM_FACTURE) values (290,'tt0373861',to_date('14-08-05','RR-MM-DD'),23,109);
Insert into LOCATION (ID_LOCATION,IMDB_ID,DATE_LOCATION,ID_CLIENT,NUM_FACTURE) values (291,'tt1322269',to_date('17-03-31','RR-MM-DD'),49,134);
Insert into LOCATION (ID_LOCATION,IMDB_ID,DATE_LOCATION,ID_CLIENT,NUM_FACTURE) values (292,'tt0419887',to_date('11-07-26','RR-MM-DD'),20,106);
Insert into LOCATION (ID_LOCATION,IMDB_ID,DATE_LOCATION,ID_CLIENT,NUM_FACTURE) values (293,'tt1210166',to_date('14-09-23','RR-MM-DD'),11,99);
Insert into LOCATION (ID_LOCATION,IMDB_ID,DATE_LOCATION,ID_CLIENT,NUM_FACTURE) values (294,'tt0395169',to_date('04-09-16','RR-MM-DD'),19,105);
Insert into LOCATION (ID_LOCATION,IMDB_ID,DATE_LOCATION,ID_CLIENT,NUM_FACTURE) values (295,'tt0358273',to_date('05-08-21','RR-MM-DD'),18,104);
Insert into LOCATION (ID_LOCATION,IMDB_ID,DATE_LOCATION,ID_CLIENT,NUM_FACTURE) values (296,'tt0139654',to_date('16-12-10','RR-MM-DD'),25,111);
Insert into LOCATION (ID_LOCATION,IMDB_ID,DATE_LOCATION,ID_CLIENT,NUM_FACTURE) values (297,'tt0796366',to_date('03-08-27','RR-MM-DD'),21,107);
Insert into LOCATION (ID_LOCATION,IMDB_ID,DATE_LOCATION,ID_CLIENT,NUM_FACTURE) values (298,'tt0390579',to_date('13-09-25','RR-MM-DD'),36,122);
Insert into LOCATION (ID_LOCATION,IMDB_ID,DATE_LOCATION,ID_CLIENT,NUM_FACTURE) values (299,'tt0367594',to_date('11-07-28','RR-MM-DD'),23,109);
Insert into LOCATION (ID_LOCATION,IMDB_ID,DATE_LOCATION,ID_CLIENT,NUM_FACTURE) values (300,'tt0824747',to_date('17-01-16','RR-MM-DD'),41,127);
Insert into LOCATION (ID_LOCATION,IMDB_ID,DATE_LOCATION,ID_CLIENT,NUM_FACTURE) values (301,'tt0418279',to_date('11-04-10','RR-MM-DD'),3,91);
Insert into LOCATION (ID_LOCATION,IMDB_ID,DATE_LOCATION,ID_CLIENT,NUM_FACTURE) values (302,'tt1536048',to_date('07-04-17','RR-MM-DD'),5,93);
Insert into LOCATION (ID_LOCATION,IMDB_ID,DATE_LOCATION,ID_CLIENT,NUM_FACTURE) values (303,'tt0121765',to_date('09-04-28','RR-MM-DD'),32,118);
Insert into LOCATION (ID_LOCATION,IMDB_ID,DATE_LOCATION,ID_CLIENT,NUM_FACTURE) values (304,'tt0433383',to_date('02-03-19','RR-MM-DD'),5,93);
Insert into LOCATION (ID_LOCATION,IMDB_ID,DATE_LOCATION,ID_CLIENT,NUM_FACTURE) values (305,'tt0383574',to_date('04-05-31','RR-MM-DD'),10,98);
Insert into LOCATION (ID_LOCATION,IMDB_ID,DATE_LOCATION,ID_CLIENT,NUM_FACTURE) values (306,'tt0892769',to_date('17-12-08','RR-MM-DD'),20,106);
Insert into LOCATION (ID_LOCATION,IMDB_ID,DATE_LOCATION,ID_CLIENT,NUM_FACTURE) values (307,'tt1210166',to_date('15-10-13','RR-MM-DD'),24,110);
Insert into LOCATION (ID_LOCATION,IMDB_ID,DATE_LOCATION,ID_CLIENT,NUM_FACTURE) values (308,'tt0445620',to_date('07-08-13','RR-MM-DD'),18,104);
Insert into LOCATION (ID_LOCATION,IMDB_ID,DATE_LOCATION,ID_CLIENT,NUM_FACTURE) values (309,'tt0841160',to_date('10-03-26','RR-MM-DD'),25,111);
Insert into LOCATION (ID_LOCATION,IMDB_ID,DATE_LOCATION,ID_CLIENT,NUM_FACTURE) values (310,'tt1211837',to_date('13-09-08','RR-MM-DD'),35,121);
Insert into LOCATION (ID_LOCATION,IMDB_ID,DATE_LOCATION,ID_CLIENT,NUM_FACTURE) values (311,'tt0988045',to_date('15-11-11','RR-MM-DD'),2,90);
Insert into LOCATION (ID_LOCATION,IMDB_ID,DATE_LOCATION,ID_CLIENT,NUM_FACTURE) values (312,'tt0398286',to_date('10-01-19','RR-MM-DD'),41,127);
Insert into LOCATION (ID_LOCATION,IMDB_ID,DATE_LOCATION,ID_CLIENT,NUM_FACTURE) values (313,'tt0332452',to_date('16-02-16','RR-MM-DD'),44,130);
Insert into LOCATION (ID_LOCATION,IMDB_ID,DATE_LOCATION,ID_CLIENT,NUM_FACTURE) values (314,'tt0410097',to_date('09-02-06','RR-MM-DD'),24,110);
Insert into LOCATION (ID_LOCATION,IMDB_ID,DATE_LOCATION,ID_CLIENT,NUM_FACTURE) values (315,'tt1276419',to_date('15-05-20','RR-MM-DD'),41,127);
Insert into LOCATION (ID_LOCATION,IMDB_ID,DATE_LOCATION,ID_CLIENT,NUM_FACTURE) values (316,'tt0383574',to_date('06-04-01','RR-MM-DD'),43,129);
Insert into LOCATION (ID_LOCATION,IMDB_ID,DATE_LOCATION,ID_CLIENT,NUM_FACTURE) values (317,'tt0491747',to_date('17-06-11','RR-MM-DD'),48,133);
Insert into LOCATION (ID_LOCATION,IMDB_ID,DATE_LOCATION,ID_CLIENT,NUM_FACTURE) values (318,'tt0305206',to_date('07-05-09','RR-MM-DD'),20,106);
Insert into LOCATION (ID_LOCATION,IMDB_ID,DATE_LOCATION,ID_CLIENT,NUM_FACTURE) values (319,'tt0841160',to_date('09-07-16','RR-MM-DD'),6,94);
Insert into LOCATION (ID_LOCATION,IMDB_ID,DATE_LOCATION,ID_CLIENT,NUM_FACTURE) values (320,'tt1142977',to_date('14-09-08','RR-MM-DD'),21,107);
Insert into LOCATION (ID_LOCATION,IMDB_ID,DATE_LOCATION,ID_CLIENT,NUM_FACTURE) values (321,'tt1206488',to_date('04-06-21','RR-MM-DD'),21,107);
Insert into LOCATION (ID_LOCATION,IMDB_ID,DATE_LOCATION,ID_CLIENT,NUM_FACTURE) values (322,'tt0441773',to_date('14-10-13','RR-MM-DD'),39,125);
Insert into LOCATION (ID_LOCATION,IMDB_ID,DATE_LOCATION,ID_CLIENT,NUM_FACTURE) values (323,'tt0317705',to_date('09-02-24','RR-MM-DD'),27,113);
Insert into LOCATION (ID_LOCATION,IMDB_ID,DATE_LOCATION,ID_CLIENT,NUM_FACTURE) values (324,'tt1322269',to_date('17-09-25','RR-MM-DD'),31,117);
Insert into LOCATION (ID_LOCATION,IMDB_ID,DATE_LOCATION,ID_CLIENT,NUM_FACTURE) values (325,'tt0338309',to_date('09-05-06','RR-MM-DD'),9,97);
Insert into LOCATION (ID_LOCATION,IMDB_ID,DATE_LOCATION,ID_CLIENT,NUM_FACTURE) values (326,'tt0335345',to_date('10-07-11','RR-MM-DD'),48,133);
Insert into LOCATION (ID_LOCATION,IMDB_ID,DATE_LOCATION,ID_CLIENT,NUM_FACTURE) values (327,'tt0343818',to_date('08-05-28','RR-MM-DD'),28,114);
Insert into LOCATION (ID_LOCATION,IMDB_ID,DATE_LOCATION,ID_CLIENT,NUM_FACTURE) values (328,'tt1212419',to_date('14-05-14','RR-MM-DD'),34,120);
Insert into LOCATION (ID_LOCATION,IMDB_ID,DATE_LOCATION,ID_CLIENT,NUM_FACTURE) values (329,'tt0159365',to_date('13-11-03','RR-MM-DD'),46,131);
Insert into LOCATION (ID_LOCATION,IMDB_ID,DATE_LOCATION,ID_CLIENT,NUM_FACTURE) values (330,'tt0358273',to_date('16-10-17','RR-MM-DD'),4,92);
Insert into LOCATION (ID_LOCATION,IMDB_ID,DATE_LOCATION,ID_CLIENT,NUM_FACTURE) values (331,'tt1024648',to_date('01-08-19','RR-MM-DD'),25,111);
Insert into LOCATION (ID_LOCATION,IMDB_ID,DATE_LOCATION,ID_CLIENT,NUM_FACTURE) values (332,'tt0343818',to_date('17-05-04','RR-MM-DD'),42,128);
Insert into LOCATION (ID_LOCATION,IMDB_ID,DATE_LOCATION,ID_CLIENT,NUM_FACTURE) values (333,'tt1430626',to_date('02-03-23','RR-MM-DD'),24,110);
Insert into LOCATION (ID_LOCATION,IMDB_ID,DATE_LOCATION,ID_CLIENT,NUM_FACTURE) values (334,'tt0402399',to_date('15-05-13','RR-MM-DD'),44,130);
Insert into LOCATION (ID_LOCATION,IMDB_ID,DATE_LOCATION,ID_CLIENT,NUM_FACTURE) values (335,'tt0408306',to_date('02-07-31','RR-MM-DD'),49,134);
Insert into LOCATION (ID_LOCATION,IMDB_ID,DATE_LOCATION,ID_CLIENT,NUM_FACTURE) values (336,'tt0325710',to_date('02-07-21','RR-MM-DD'),4,92);
Insert into LOCATION (ID_LOCATION,IMDB_ID,DATE_LOCATION,ID_CLIENT,NUM_FACTURE) values (337,'tt0287467',to_date('14-04-12','RR-MM-DD'),18,104);
Insert into LOCATION (ID_LOCATION,IMDB_ID,DATE_LOCATION,ID_CLIENT,NUM_FACTURE) values (338,'tt0796366',to_date('17-06-07','RR-MM-DD'),8,96);
Insert into LOCATION (ID_LOCATION,IMDB_ID,DATE_LOCATION,ID_CLIENT,NUM_FACTURE) values (339,'tt0445620',to_date('03-10-15','RR-MM-DD'),2,90);
Insert into LOCATION (ID_LOCATION,IMDB_ID,DATE_LOCATION,ID_CLIENT,NUM_FACTURE) values (340,'tt0339291',to_date('03-08-19','RR-MM-DD'),26,112);
Insert into LOCATION (ID_LOCATION,IMDB_ID,DATE_LOCATION,ID_CLIENT,NUM_FACTURE) values (341,'tt0338348',to_date('10-05-09','RR-MM-DD'),40,126);
Insert into LOCATION (ID_LOCATION,IMDB_ID,DATE_LOCATION,ID_CLIENT,NUM_FACTURE) values (342,'tt0358273',to_date('08-06-18','RR-MM-DD'),18,104);
Insert into LOCATION (ID_LOCATION,IMDB_ID,DATE_LOCATION,ID_CLIENT,NUM_FACTURE) values (343,'tt0120737',to_date('16-03-10','RR-MM-DD'),49,134);
Insert into LOCATION (ID_LOCATION,IMDB_ID,DATE_LOCATION,ID_CLIENT,NUM_FACTURE) values (344,'tt0268380',to_date('17-04-22','RR-MM-DD'),38,124);
Insert into LOCATION (ID_LOCATION,IMDB_ID,DATE_LOCATION,ID_CLIENT,NUM_FACTURE) values (345,'tt0443446',to_date('06-04-12','RR-MM-DD'),11,99);
Insert into LOCATION (ID_LOCATION,IMDB_ID,DATE_LOCATION,ID_CLIENT,NUM_FACTURE) values (346,'tt1201607',to_date('11-10-07','RR-MM-DD'),43,129);
Insert into LOCATION (ID_LOCATION,IMDB_ID,DATE_LOCATION,ID_CLIENT,NUM_FACTURE) values (347,'tt0312004',to_date('16-09-20','RR-MM-DD'),22,108);
Insert into LOCATION (ID_LOCATION,IMDB_ID,DATE_LOCATION,ID_CLIENT,NUM_FACTURE) values (348,'tt0169102',to_date('09-12-11','RR-MM-DD'),23,109);
Insert into LOCATION (ID_LOCATION,IMDB_ID,DATE_LOCATION,ID_CLIENT,NUM_FACTURE) values (349,'tt1135503',to_date('15-07-06','RR-MM-DD'),13,101);
Insert into LOCATION (ID_LOCATION,IMDB_ID,DATE_LOCATION,ID_CLIENT,NUM_FACTURE) values (350,'tt1318514',to_date('03-10-20','RR-MM-DD'),35,121);
Insert into LOCATION (ID_LOCATION,IMDB_ID,DATE_LOCATION,ID_CLIENT,NUM_FACTURE) values (351,'tt0944835',to_date('15-06-12','RR-MM-DD'),35,121);
Insert into LOCATION (ID_LOCATION,IMDB_ID,DATE_LOCATION,ID_CLIENT,NUM_FACTURE) values (352,'tt1343092',to_date('10-04-27','RR-MM-DD'),40,126);
Insert into LOCATION (ID_LOCATION,IMDB_ID,DATE_LOCATION,ID_CLIENT,NUM_FACTURE) values (353,'tt0796366',to_date('16-02-19','RR-MM-DD'),8,96);
Insert into LOCATION (ID_LOCATION,IMDB_ID,DATE_LOCATION,ID_CLIENT,NUM_FACTURE) values (354,'tt0477302',to_date('01-06-09','RR-MM-DD'),42,128);
Insert into LOCATION (ID_LOCATION,IMDB_ID,DATE_LOCATION,ID_CLIENT,NUM_FACTURE) values (355,'tt0440963',to_date('11-11-20','RR-MM-DD'),5,93);
Insert into LOCATION (ID_LOCATION,IMDB_ID,DATE_LOCATION,ID_CLIENT,NUM_FACTURE) values (356,'tt1142977',to_date('07-12-04','RR-MM-DD'),8,96);
Insert into LOCATION (ID_LOCATION,IMDB_ID,DATE_LOCATION,ID_CLIENT,NUM_FACTURE) values (357,'tt0443499',to_date('17-03-03','RR-MM-DD'),25,111);
Insert into LOCATION (ID_LOCATION,IMDB_ID,DATE_LOCATION,ID_CLIENT,NUM_FACTURE) values (358,'tt0257044',to_date('16-10-20','RR-MM-DD'),34,120);
Insert into LOCATION (ID_LOCATION,IMDB_ID,DATE_LOCATION,ID_CLIENT,NUM_FACTURE) values (359,'tt1276419',to_date('06-11-28','RR-MM-DD'),42,128);
Insert into LOCATION (ID_LOCATION,IMDB_ID,DATE_LOCATION,ID_CLIENT,NUM_FACTURE) values (360,'tt0810784',to_date('01-05-02','RR-MM-DD'),39,125);
Insert into LOCATION (ID_LOCATION,IMDB_ID,DATE_LOCATION,ID_CLIENT,NUM_FACTURE) values (361,'tt0242252',to_date('13-11-24','RR-MM-DD'),19,105);
Insert into LOCATION (ID_LOCATION,IMDB_ID,DATE_LOCATION,ID_CLIENT,NUM_FACTURE) values (362,'tt0409182',to_date('01-02-12','RR-MM-DD'),22,108);
Insert into LOCATION (ID_LOCATION,IMDB_ID,DATE_LOCATION,ID_CLIENT,NUM_FACTURE) values (363,'tt0253474',to_date('07-11-22','RR-MM-DD'),39,125);
Insert into LOCATION (ID_LOCATION,IMDB_ID,DATE_LOCATION,ID_CLIENT,NUM_FACTURE) values (364,'tt0449059',to_date('02-06-11','RR-MM-DD'),8,96);
Insert into LOCATION (ID_LOCATION,IMDB_ID,DATE_LOCATION,ID_CLIENT,NUM_FACTURE) values (365,'tt1318514',to_date('13-08-19','RR-MM-DD'),30,116);
Insert into LOCATION (ID_LOCATION,IMDB_ID,DATE_LOCATION,ID_CLIENT,NUM_FACTURE) values (366,'tt0452623',to_date('09-04-18','RR-MM-DD'),17,103);
Insert into LOCATION (ID_LOCATION,IMDB_ID,DATE_LOCATION,ID_CLIENT,NUM_FACTURE) values (367,'tt0358273',to_date('10-07-19','RR-MM-DD'),34,120);
Insert into LOCATION (ID_LOCATION,IMDB_ID,DATE_LOCATION,ID_CLIENT,NUM_FACTURE) values (368,'tt0371746',to_date('02-04-26','RR-MM-DD'),35,121);
Insert into LOCATION (ID_LOCATION,IMDB_ID,DATE_LOCATION,ID_CLIENT,NUM_FACTURE) values (369,'tt0241527',to_date('02-04-23','RR-MM-DD'),27,113);
Insert into LOCATION (ID_LOCATION,IMDB_ID,DATE_LOCATION,ID_CLIENT,NUM_FACTURE) values (370,'tt0443453',to_date('01-03-25','RR-MM-DD'),50,135);
Insert into LOCATION (ID_LOCATION,IMDB_ID,DATE_LOCATION,ID_CLIENT,NUM_FACTURE) values (371,'tt1392190',to_date('14-09-04','RR-MM-DD'),25,111);
Insert into LOCATION (ID_LOCATION,IMDB_ID,DATE_LOCATION,ID_CLIENT,NUM_FACTURE) values (372,'tt0419887',to_date('08-08-18','RR-MM-DD'),33,119);
Insert into LOCATION (ID_LOCATION,IMDB_ID,DATE_LOCATION,ID_CLIENT,NUM_FACTURE) values (373,'tt0796366',to_date('15-04-08','RR-MM-DD'),17,103);
Insert into LOCATION (ID_LOCATION,IMDB_ID,DATE_LOCATION,ID_CLIENT,NUM_FACTURE) values (374,'tt0408306',to_date('02-10-12','RR-MM-DD'),9,97);
Insert into LOCATION (ID_LOCATION,IMDB_ID,DATE_LOCATION,ID_CLIENT,NUM_FACTURE) values (375,'tt0903624',to_date('11-01-22','RR-MM-DD'),27,113);
Insert into LOCATION (ID_LOCATION,IMDB_ID,DATE_LOCATION,ID_CLIENT,NUM_FACTURE) values (376,'tt0266543',to_date('08-11-20','RR-MM-DD'),33,119);
Insert into LOCATION (ID_LOCATION,IMDB_ID,DATE_LOCATION,ID_CLIENT,NUM_FACTURE) values (377,'tt0325980',to_date('11-03-26','RR-MM-DD'),23,109);
Insert into LOCATION (ID_LOCATION,IMDB_ID,DATE_LOCATION,ID_CLIENT,NUM_FACTURE) values (378,'tt0268978',to_date('12-02-21','RR-MM-DD'),19,105);
Insert into LOCATION (ID_LOCATION,IMDB_ID,DATE_LOCATION,ID_CLIENT,NUM_FACTURE) values (379,'tt0169102',to_date('03-09-06','RR-MM-DD'),36,122);
Insert into LOCATION (ID_LOCATION,IMDB_ID,DATE_LOCATION,ID_CLIENT,NUM_FACTURE) values (380,'tt0311648',to_date('11-02-19','RR-MM-DD'),6,94);
Insert into LOCATION (ID_LOCATION,IMDB_ID,DATE_LOCATION,ID_CLIENT,NUM_FACTURE) values (381,'tt0477302',to_date('02-08-03','RR-MM-DD'),17,103);
Insert into LOCATION (ID_LOCATION,IMDB_ID,DATE_LOCATION,ID_CLIENT,NUM_FACTURE) values (382,'tt0388795',to_date('05-08-14','RR-MM-DD'),47,132);
Insert into LOCATION (ID_LOCATION,IMDB_ID,DATE_LOCATION,ID_CLIENT,NUM_FACTURE) values (383,'tt0445922',to_date('08-11-09','RR-MM-DD'),8,96);
Insert into LOCATION (ID_LOCATION,IMDB_ID,DATE_LOCATION,ID_CLIENT,NUM_FACTURE) values (384,'tt0390221',to_date('14-07-26','RR-MM-DD'),1,89);
Insert into LOCATION (ID_LOCATION,IMDB_ID,DATE_LOCATION,ID_CLIENT,NUM_FACTURE) values (385,'tt0167261',to_date('13-03-11','RR-MM-DD'),37,123);
Insert into LOCATION (ID_LOCATION,IMDB_ID,DATE_LOCATION,ID_CLIENT,NUM_FACTURE) values (386,'tt0443453',to_date('10-01-21','RR-MM-DD'),12,100);
Insert into LOCATION (ID_LOCATION,IMDB_ID,DATE_LOCATION,ID_CLIENT,NUM_FACTURE) values (387,'tt0491747',to_date('09-10-18','RR-MM-DD'),38,124);
Insert into LOCATION (ID_LOCATION,IMDB_ID,DATE_LOCATION,ID_CLIENT,NUM_FACTURE) values (388,'tt0212720',to_date('14-06-01','RR-MM-DD'),46,131);
Insert into LOCATION (ID_LOCATION,IMDB_ID,DATE_LOCATION,ID_CLIENT,NUM_FACTURE) values (389,'tt1454468',to_date('08-02-23','RR-MM-DD'),33,119);
Insert into LOCATION (ID_LOCATION,IMDB_ID,DATE_LOCATION,ID_CLIENT,NUM_FACTURE) values (390,'tt0120737',to_date('16-08-18','RR-MM-DD'),48,133);
Insert into LOCATION (ID_LOCATION,IMDB_ID,DATE_LOCATION,ID_CLIENT,NUM_FACTURE) values (391,'tt0139654',to_date('11-02-20','RR-MM-DD'),22,108);
Insert into LOCATION (ID_LOCATION,IMDB_ID,DATE_LOCATION,ID_CLIENT,NUM_FACTURE) values (392,'tt1010048',to_date('05-06-17','RR-MM-DD'),44,130);
Insert into LOCATION (ID_LOCATION,IMDB_ID,DATE_LOCATION,ID_CLIENT,NUM_FACTURE) values (393,'tt0311648',to_date('03-05-26','RR-MM-DD'),1,89);
Insert into LOCATION (ID_LOCATION,IMDB_ID,DATE_LOCATION,ID_CLIENT,NUM_FACTURE) values (394,'tt0461770',to_date('02-11-03','RR-MM-DD'),16,102);
Insert into LOCATION (ID_LOCATION,IMDB_ID,DATE_LOCATION,ID_CLIENT,NUM_FACTURE) values (395,'tt1135503',to_date('09-06-23','RR-MM-DD'),29,115);
Insert into LOCATION (ID_LOCATION,IMDB_ID,DATE_LOCATION,ID_CLIENT,NUM_FACTURE) values (396,'tt0348150',to_date('15-08-04','RR-MM-DD'),37,123);
Insert into LOCATION (ID_LOCATION,IMDB_ID,DATE_LOCATION,ID_CLIENT,NUM_FACTURE) values (397,'tt0443489',to_date('16-09-09','RR-MM-DD'),42,128);
Insert into LOCATION (ID_LOCATION,IMDB_ID,DATE_LOCATION,ID_CLIENT,NUM_FACTURE) values (398,'tt1136608',to_date('06-05-23','RR-MM-DD'),21,107);
Insert into LOCATION (ID_LOCATION,IMDB_ID,DATE_LOCATION,ID_CLIENT,NUM_FACTURE) values (399,'tt0035423',to_date('15-07-22','RR-MM-DD'),31,117);
Insert into LOCATION (ID_LOCATION,IMDB_ID,DATE_LOCATION,ID_CLIENT,NUM_FACTURE) values (400,'tt0442001',to_date('08-07-31','RR-MM-DD'),12,100);
Insert into LOCATION (ID_LOCATION,IMDB_ID,DATE_LOCATION,ID_CLIENT,NUM_FACTURE) values (401,'tt1065073',to_date('12-10-12','RR-MM-DD'),24,null);
Insert into LOCATION (ID_LOCATION,IMDB_ID,DATE_LOCATION,ID_CLIENT,NUM_FACTURE) values (402,'tt0824758',to_date('07-10-31','RR-MM-DD'),50,null);
Insert into LOCATION (ID_LOCATION,IMDB_ID,DATE_LOCATION,ID_CLIENT,NUM_FACTURE) values (403,'tt0329575',to_date('10-05-18','RR-MM-DD'),2,null);
Insert into LOCATION (ID_LOCATION,IMDB_ID,DATE_LOCATION,ID_CLIENT,NUM_FACTURE) values (404,'tt0240200',to_date('05-04-12','RR-MM-DD'),16,null);
Insert into LOCATION (ID_LOCATION,IMDB_ID,DATE_LOCATION,ID_CLIENT,NUM_FACTURE) values (405,'tt0338348',to_date('01-07-01','RR-MM-DD'),14,null);
Insert into LOCATION (ID_LOCATION,IMDB_ID,DATE_LOCATION,ID_CLIENT,NUM_FACTURE) values (406,'tt0344510',to_date('10-06-22','RR-MM-DD'),48,null);
Insert into LOCATION (ID_LOCATION,IMDB_ID,DATE_LOCATION,ID_CLIENT,NUM_FACTURE) values (407,'tt0376541',to_date('07-12-19','RR-MM-DD'),3,null);
Insert into LOCATION (ID_LOCATION,IMDB_ID,DATE_LOCATION,ID_CLIENT,NUM_FACTURE) values (408,'tt0338348',to_date('11-06-26','RR-MM-DD'),22,null);
Insert into LOCATION (ID_LOCATION,IMDB_ID,DATE_LOCATION,ID_CLIENT,NUM_FACTURE) values (409,'tt0161860',to_date('13-03-21','RR-MM-DD'),12,null);
Insert into LOCATION (ID_LOCATION,IMDB_ID,DATE_LOCATION,ID_CLIENT,NUM_FACTURE) values (410,'tt0455590',to_date('14-11-06','RR-MM-DD'),26,null);
Insert into LOCATION (ID_LOCATION,IMDB_ID,DATE_LOCATION,ID_CLIENT,NUM_FACTURE) values (411,'tt0439676',to_date('11-09-30','RR-MM-DD'),42,null);
Insert into LOCATION (ID_LOCATION,IMDB_ID,DATE_LOCATION,ID_CLIENT,NUM_FACTURE) values (412,'tt0490215',to_date('16-01-28','RR-MM-DD'),42,null);
Insert into LOCATION (ID_LOCATION,IMDB_ID,DATE_LOCATION,ID_CLIENT,NUM_FACTURE) values (413,'tt0368794',to_date('05-12-13','RR-MM-DD'),45,null);
Insert into LOCATION (ID_LOCATION,IMDB_ID,DATE_LOCATION,ID_CLIENT,NUM_FACTURE) values (414,'tt0360717',to_date('07-10-02','RR-MM-DD'),27,null);
Insert into LOCATION (ID_LOCATION,IMDB_ID,DATE_LOCATION,ID_CLIENT,NUM_FACTURE) values (415,'tt1068646',to_date('05-10-02','RR-MM-DD'),46,null);
Insert into LOCATION (ID_LOCATION,IMDB_ID,DATE_LOCATION,ID_CLIENT,NUM_FACTURE) values (416,'tt1136608',to_date('13-04-09','RR-MM-DD'),27,null);
Insert into LOCATION (ID_LOCATION,IMDB_ID,DATE_LOCATION,ID_CLIENT,NUM_FACTURE) values (417,'tt0780536',to_date('05-10-31','RR-MM-DD'),44,null);
Insert into LOCATION (ID_LOCATION,IMDB_ID,DATE_LOCATION,ID_CLIENT,NUM_FACTURE) values (418,'tt1279499',to_date('07-04-25','RR-MM-DD'),6,null);
Insert into LOCATION (ID_LOCATION,IMDB_ID,DATE_LOCATION,ID_CLIENT,NUM_FACTURE) values (419,'tt1279499',to_date('11-04-23','RR-MM-DD'),28,null);
Insert into LOCATION (ID_LOCATION,IMDB_ID,DATE_LOCATION,ID_CLIENT,NUM_FACTURE) values (420,'tt0419887',to_date('17-09-04','RR-MM-DD'),29,null);
Insert into LOCATION (ID_LOCATION,IMDB_ID,DATE_LOCATION,ID_CLIENT,NUM_FACTURE) values (421,'tt0035423',to_date('12-11-03','RR-MM-DD'),46,null);
Insert into LOCATION (ID_LOCATION,IMDB_ID,DATE_LOCATION,ID_CLIENT,NUM_FACTURE) values (422,'tt0360717',to_date('05-01-28','RR-MM-DD'),17,null);
Insert into LOCATION (ID_LOCATION,IMDB_ID,DATE_LOCATION,ID_CLIENT,NUM_FACTURE) values (423,'tt0373861',to_date('05-06-16','RR-MM-DD'),43,null);
Insert into LOCATION (ID_LOCATION,IMDB_ID,DATE_LOCATION,ID_CLIENT,NUM_FACTURE) values (424,'tt0426931',to_date('03-09-09','RR-MM-DD'),49,null);
Insert into LOCATION (ID_LOCATION,IMDB_ID,DATE_LOCATION,ID_CLIENT,NUM_FACTURE) values (425,'tt0035423',to_date('06-07-02','RR-MM-DD'),43,null);
Insert into LOCATION (ID_LOCATION,IMDB_ID,DATE_LOCATION,ID_CLIENT,NUM_FACTURE) values (426,'tt0490215',to_date('17-11-03','RR-MM-DD'),45,null);
Insert into LOCATION (ID_LOCATION,IMDB_ID,DATE_LOCATION,ID_CLIENT,NUM_FACTURE) values (427,'tt1010048',to_date('11-01-15','RR-MM-DD'),3,null);
Insert into LOCATION (ID_LOCATION,IMDB_ID,DATE_LOCATION,ID_CLIENT,NUM_FACTURE) values (428,'tt0493464',to_date('11-12-11','RR-MM-DD'),9,null);
Insert into LOCATION (ID_LOCATION,IMDB_ID,DATE_LOCATION,ID_CLIENT,NUM_FACTURE) values (429,'tt0296874',to_date('12-10-13','RR-MM-DD'),30,null);
Insert into LOCATION (ID_LOCATION,IMDB_ID,DATE_LOCATION,ID_CLIENT,NUM_FACTURE) values (430,'tt0929632',to_date('01-06-17','RR-MM-DD'),5,null);
Insert into LOCATION (ID_LOCATION,IMDB_ID,DATE_LOCATION,ID_CLIENT,NUM_FACTURE) values (431,'tt0389860',to_date('15-10-30','RR-MM-DD'),23,null);
Insert into LOCATION (ID_LOCATION,IMDB_ID,DATE_LOCATION,ID_CLIENT,NUM_FACTURE) values (432,'tt0780521',to_date('09-09-17','RR-MM-DD'),27,null);
Insert into LOCATION (ID_LOCATION,IMDB_ID,DATE_LOCATION,ID_CLIENT,NUM_FACTURE) values (433,'tt1211837',to_date('10-07-05','RR-MM-DD'),4,null);
Insert into LOCATION (ID_LOCATION,IMDB_ID,DATE_LOCATION,ID_CLIENT,NUM_FACTURE) values (434,'tt0264464',to_date('16-05-25','RR-MM-DD'),49,null);
Insert into LOCATION (ID_LOCATION,IMDB_ID,DATE_LOCATION,ID_CLIENT,NUM_FACTURE) values (435,'tt1034303',to_date('12-05-22','RR-MM-DD'),39,null);
Insert into LOCATION (ID_LOCATION,IMDB_ID,DATE_LOCATION,ID_CLIENT,NUM_FACTURE) values (436,'tt0358273',to_date('08-08-04','RR-MM-DD'),41,null);
Insert into LOCATION (ID_LOCATION,IMDB_ID,DATE_LOCATION,ID_CLIENT,NUM_FACTURE) values (437,'tt0443446',to_date('08-07-04','RR-MM-DD'),20,null);
Insert into LOCATION (ID_LOCATION,IMDB_ID,DATE_LOCATION,ID_CLIENT,NUM_FACTURE) values (438,'tt0469494',to_date('07-09-15','RR-MM-DD'),17,null);
Insert into LOCATION (ID_LOCATION,IMDB_ID,DATE_LOCATION,ID_CLIENT,NUM_FACTURE) values (439,'tt0327597',to_date('12-11-10','RR-MM-DD'),43,null);
Insert into LOCATION (ID_LOCATION,IMDB_ID,DATE_LOCATION,ID_CLIENT,NUM_FACTURE) values (440,'tt0398286',to_date('07-02-23','RR-MM-DD'),6,null);
Insert into LOCATION (ID_LOCATION,IMDB_ID,DATE_LOCATION,ID_CLIENT,NUM_FACTURE) values (441,'tt0298203',to_date('16-03-09','RR-MM-DD'),25,null);
Insert into LOCATION (ID_LOCATION,IMDB_ID,DATE_LOCATION,ID_CLIENT,NUM_FACTURE) values (442,'tt0367594',to_date('13-02-11','RR-MM-DD'),33,null);
Insert into LOCATION (ID_LOCATION,IMDB_ID,DATE_LOCATION,ID_CLIENT,NUM_FACTURE) values (443,'tt0907657',to_date('03-11-02','RR-MM-DD'),41,null);
Insert into LOCATION (ID_LOCATION,IMDB_ID,DATE_LOCATION,ID_CLIENT,NUM_FACTURE) values (444,'tt0805564',to_date('07-11-26','RR-MM-DD'),27,null);
Insert into LOCATION (ID_LOCATION,IMDB_ID,DATE_LOCATION,ID_CLIENT,NUM_FACTURE) values (445,'tt0780536',to_date('01-11-10','RR-MM-DD'),43,null);
Insert into LOCATION (ID_LOCATION,IMDB_ID,DATE_LOCATION,ID_CLIENT,NUM_FACTURE) values (446,'tt0166813',to_date('17-09-13','RR-MM-DD'),16,null);
Insert into LOCATION (ID_LOCATION,IMDB_ID,DATE_LOCATION,ID_CLIENT,NUM_FACTURE) values (447,'tt0167261',to_date('11-09-14','RR-MM-DD'),33,null);
Insert into LOCATION (ID_LOCATION,IMDB_ID,DATE_LOCATION,ID_CLIENT,NUM_FACTURE) values (448,'tt0330373',to_date('04-12-28','RR-MM-DD'),23,null);
Insert into LOCATION (ID_LOCATION,IMDB_ID,DATE_LOCATION,ID_CLIENT,NUM_FACTURE) values (449,'tt0245429',to_date('15-01-15','RR-MM-DD'),39,null);
Insert into LOCATION (ID_LOCATION,IMDB_ID,DATE_LOCATION,ID_CLIENT,NUM_FACTURE) values (450,'tt0983193',to_date('07-09-21','RR-MM-DD'),10,null);
Insert into LOCATION (ID_LOCATION,IMDB_ID,DATE_LOCATION,ID_CLIENT,NUM_FACTURE) values (451,'tt1068646',to_date('09-01-17','RR-MM-DD'),4,null);
Insert into LOCATION (ID_LOCATION,IMDB_ID,DATE_LOCATION,ID_CLIENT,NUM_FACTURE) values (452,'tt0765429',to_date('13-12-29','RR-MM-DD'),29,null);
Insert into LOCATION (ID_LOCATION,IMDB_ID,DATE_LOCATION,ID_CLIENT,NUM_FACTURE) values (453,'tt0427617',to_date('10-06-30','RR-MM-DD'),5,null);
Insert into LOCATION (ID_LOCATION,IMDB_ID,DATE_LOCATION,ID_CLIENT,NUM_FACTURE) values (454,'tt1068646',to_date('07-05-26','RR-MM-DD'),49,null);
Insert into LOCATION (ID_LOCATION,IMDB_ID,DATE_LOCATION,ID_CLIENT,NUM_FACTURE) values (455,'tt0422720',to_date('07-01-18','RR-MM-DD'),32,null);
Insert into LOCATION (ID_LOCATION,IMDB_ID,DATE_LOCATION,ID_CLIENT,NUM_FACTURE) values (456,'tt1392190',to_date('08-07-25','RR-MM-DD'),3,null);
Insert into LOCATION (ID_LOCATION,IMDB_ID,DATE_LOCATION,ID_CLIENT,NUM_FACTURE) values (457,'tt0167261',to_date('17-02-25','RR-MM-DD'),36,null);
Insert into LOCATION (ID_LOCATION,IMDB_ID,DATE_LOCATION,ID_CLIENT,NUM_FACTURE) values (458,'tt0854678',to_date('06-02-09','RR-MM-DD'),11,null);
Insert into LOCATION (ID_LOCATION,IMDB_ID,DATE_LOCATION,ID_CLIENT,NUM_FACTURE) values (459,'tt0388789',to_date('07-06-12','RR-MM-DD'),15,null);
Insert into LOCATION (ID_LOCATION,IMDB_ID,DATE_LOCATION,ID_CLIENT,NUM_FACTURE) values (460,'tt0390579',to_date('02-01-04','RR-MM-DD'),4,null);
Insert into LOCATION (ID_LOCATION,IMDB_ID,DATE_LOCATION,ID_CLIENT,NUM_FACTURE) values (461,'tt0259711',to_date('01-11-01','RR-MM-DD'),2,null);
Insert into LOCATION (ID_LOCATION,IMDB_ID,DATE_LOCATION,ID_CLIENT,NUM_FACTURE) values (462,'tt0442001',to_date('17-01-18','RR-MM-DD'),4,null);
Insert into LOCATION (ID_LOCATION,IMDB_ID,DATE_LOCATION,ID_CLIENT,NUM_FACTURE) values (463,'tt0907657',to_date('17-05-26','RR-MM-DD'),13,null);
Insert into LOCATION (ID_LOCATION,IMDB_ID,DATE_LOCATION,ID_CLIENT,NUM_FACTURE) values (464,'tt0796366',to_date('17-09-16','RR-MM-DD'),37,null);
Insert into LOCATION (ID_LOCATION,IMDB_ID,DATE_LOCATION,ID_CLIENT,NUM_FACTURE) values (465,'tt0367594',to_date('02-06-11','RR-MM-DD'),13,null);
Insert into LOCATION (ID_LOCATION,IMDB_ID,DATE_LOCATION,ID_CLIENT,NUM_FACTURE) values (466,'tt0491747',to_date('07-10-31','RR-MM-DD'),27,null);
Insert into LOCATION (ID_LOCATION,IMDB_ID,DATE_LOCATION,ID_CLIENT,NUM_FACTURE) values (467,'tt0477080',to_date('03-08-25','RR-MM-DD'),27,null);
Insert into LOCATION (ID_LOCATION,IMDB_ID,DATE_LOCATION,ID_CLIENT,NUM_FACTURE) values (468,'tt0162346',to_date('16-07-02','RR-MM-DD'),50,null);
Insert into LOCATION (ID_LOCATION,IMDB_ID,DATE_LOCATION,ID_CLIENT,NUM_FACTURE) values (469,'tt1485796',to_date('08-10-09','RR-MM-DD'),24,null);
Insert into LOCATION (ID_LOCATION,IMDB_ID,DATE_LOCATION,ID_CLIENT,NUM_FACTURE) values (470,'tt0305206',to_date('09-01-29','RR-MM-DD'),50,null);
Insert into LOCATION (ID_LOCATION,IMDB_ID,DATE_LOCATION,ID_CLIENT,NUM_FACTURE) values (471,'tt1430626',to_date('04-08-15','RR-MM-DD'),33,null);
Insert into LOCATION (ID_LOCATION,IMDB_ID,DATE_LOCATION,ID_CLIENT,NUM_FACTURE) values (472,'tt0376541',to_date('07-12-29','RR-MM-DD'),39,null);
Insert into LOCATION (ID_LOCATION,IMDB_ID,DATE_LOCATION,ID_CLIENT,NUM_FACTURE) values (473,'tt0211915',to_date('11-04-17','RR-MM-DD'),14,null);
Insert into LOCATION (ID_LOCATION,IMDB_ID,DATE_LOCATION,ID_CLIENT,NUM_FACTURE) values (474,'tt1010048',to_date('06-11-19','RR-MM-DD'),21,null);
Insert into LOCATION (ID_LOCATION,IMDB_ID,DATE_LOCATION,ID_CLIENT,NUM_FACTURE) values (475,'tt1229822',to_date('02-01-15','RR-MM-DD'),28,null);
Insert into LOCATION (ID_LOCATION,IMDB_ID,DATE_LOCATION,ID_CLIENT,NUM_FACTURE) values (476,'tt0167261',to_date('04-12-13','RR-MM-DD'),49,null);
Insert into LOCATION (ID_LOCATION,IMDB_ID,DATE_LOCATION,ID_CLIENT,NUM_FACTURE) values (477,'tt1279499',to_date('17-08-27','RR-MM-DD'),37,null);
Insert into LOCATION (ID_LOCATION,IMDB_ID,DATE_LOCATION,ID_CLIENT,NUM_FACTURE) values (478,'tt0371746',to_date('08-08-25','RR-MM-DD'),23,null);
Insert into LOCATION (ID_LOCATION,IMDB_ID,DATE_LOCATION,ID_CLIENT,NUM_FACTURE) values (479,'tt0211915',to_date('12-09-23','RR-MM-DD'),17,null);
Insert into LOCATION (ID_LOCATION,IMDB_ID,DATE_LOCATION,ID_CLIENT,NUM_FACTURE) values (480,'tt0443453',to_date('10-12-04','RR-MM-DD'),13,null);
Insert into LOCATION (ID_LOCATION,IMDB_ID,DATE_LOCATION,ID_CLIENT,NUM_FACTURE) values (481,'tt0240200',to_date('10-08-04','RR-MM-DD'),11,null);
Insert into LOCATION (ID_LOCATION,IMDB_ID,DATE_LOCATION,ID_CLIENT,NUM_FACTURE) values (482,'tt1136608',to_date('09-04-05','RR-MM-DD'),11,null);
Insert into LOCATION (ID_LOCATION,IMDB_ID,DATE_LOCATION,ID_CLIENT,NUM_FACTURE) values (483,'tt0368794',to_date('07-11-26','RR-MM-DD'),41,null);
Insert into LOCATION (ID_LOCATION,IMDB_ID,DATE_LOCATION,ID_CLIENT,NUM_FACTURE) values (484,'tt1313092',to_date('06-10-05','RR-MM-DD'),8,null);
Insert into LOCATION (ID_LOCATION,IMDB_ID,DATE_LOCATION,ID_CLIENT,NUM_FACTURE) values (485,'tt0864761',to_date('16-11-29','RR-MM-DD'),38,null);

COMMIT;

